number,circ,SARC,OV,LUNG,PRAD,BRCA,MISC,HNSC,ALL,CHOL,PAAD,SECR,HCC,NRBL
1,hsa_circ_0006990,0.376,0.338,0.249,0.248,0.802,0.653,0.224,1.756,0.307,0.306,0.406,0.928,0.46
2,hsa_circ_0005615,1.206,0.79,0.865,0.718,0.784,1.1,0.782,4.818,0.754,0.498,1.472,1.499,1.665
3,hsa_circ_0068062,0.033,0.037,0.025,0.032,0.049,0.044,0.023,0.024,0.031,0.028,0.027,0.078,0.019
4,hsa_circ_0032821,0.057,0.061,0.045,0.052,0.052,0.097,0.075,0.169,0.038,0.059,0.154,0.152,0.038
5,hsa_circ_0000936,0.072,0.046,0.048,0.057,0.062,0.081,0.086,0.184,0.038,0.03,0.05,0.195,0.102
6,hsa_circ_0007444,1.264,0.597,0.643,1.267,0.841,1.464,0.31,2.9,0.621,1.408,1.037,2.923,0.982
7,hsa_circ_0084922,0.052,0.032,0.03,0.052,0.048,0.053,0.026,0.076,0.027,0.018,0.036,0.357,0.035
8,hsa_circ_0032462,0.032,0.036,0.031,0.021,0.022,0.045,0.028,0.021,0.027,0.022,0.028,0.021,0.029
9,hsa_circ_0000711,2.693,1.989,1.716,1.582,1.612,2.505,1.673,8.462,1.825,1.451,2.926,2.826,3.059
10,hsa_circ_0001387,0.143,0.213,0.134,0.139,0.2,0.142,0.132,0.185,0.082,0.074,0.075,0.088,0.101
11,hsa_circ_0001793,0.08,0.06,0.043,0.065,0.071,0.051,0.125,0.121,0.027,0.027,0.07,0.096,0.057
12,hsa_circ_0000043,0.241,0.282,0.182,0.165,0.18,0.25,0.286,0.592,0.183,0.263,0.252,0.517,0.17
14,hsa_circ_0007364,0.165,0.088,0.055,0.083,0.101,0.18,0.065,0.146,0.103,0.092,0.153,0.422,0.087
16,hsa_circ_0007534,0.039,0.173,0.036,0.049,0.04,0.06,0.036,0.107,0.027,0.027,0.058,0.147,0.047
17,hsa_circ_0000096,0.05,0.054,0.028,0.037,0.036,0.061,0.037,0.086,0.032,0.036,0.078,0.328,0.049
18,hsa_circ_0001806,0.221,0.14,0.115,0.153,0.166,0.223,0.137,0.437,0.152,0.114,0.224,0.625,0.2
19,hsa_circ_0000467,0.218,0.327,0.152,0.265,0.252,0.305,0.173,1.237,0.089,0.14,0.202,1.008,0.42
21,hsa_circ_0006168,0.188,0.267,0.158,0.238,0.225,0.32,0.14,1.331,0.17,0.173,0.279,0.556,0.212
22,hsa_circ_0000337,0.277,0.424,0.44,0.282,0.57,0.475,0.75,1.172,0.266,0.249,0.395,0.796,0.169
23,hsa_circ_0087378,0.155,0.017,1.178,0.084,0.043,0.139,0.115,0.016,0.106,0.03,0.074,5.988,0.026
25,hsa_circ_0014130,0.023,0.026,0.033,0.026,0.032,0.029,0.02,0.045,0.033,0.018,0.039,0.018,0.02
26,hsa_circ_0003855,0.042,0.044,0.025,0.033,0.052,0.069,0.048,0.043,0.041,0.03,0.035,0.139,0.034
27,hsa_circ_0000437,1.853,0.651,0.948,0.937,0.773,1.532,1.208,1.645,0.911,0.917,1.097,4.197,1.068
28,hsa_circ_0004339,0.033,0.023,0.019,0.024,0.027,0.026,0.023,0.035,0.026,0.043,0.034,0.036,0.026
31,hsa_circ_0000284,3.497,3.25,1.473,2.446,3.241,3.547,2.433,3.434,2.724,2.947,5.36,7.059,2.247
32,hsa_circ_0072088,0.04,0.037,0.019,0.035,0.039,0.054,0.037,0.047,0.044,0.032,0.071,0.035,0.041
34,hsa_circ_0003418,0.036,0.029,0.047,0.043,0.047,0.045,0.04,0.143,0.03,0.035,0.049,1.659,0.026
35,hsa_circ_0000782,0.145,0.147,0.102,0.132,0.135,0.208,0.098,0.586,0.085,0.1,0.172,1.061,0.115
36,hsa_circ_0003258,0.176,0.116,0.183,0.268,0.193,0.198,0.113,0.547,0.153,0.081,0.256,1.557,0.231
37,hsa_circ_0008450,0.132,0.084,0.083,0.082,0.088,0.142,0.077,0.637,0.075,0.065,0.128,0.373,0.07
38,hsa_circ_0008717,0.029,0.014,0.021,0.028,0.024,0.02,0.025,0.022,0.021,0.019,0.023,0.052,0.025
40,hsa_circ_0018818,0.028,0.039,0.02,0.039,0.026,0.026,0.031,0.024,0.035,0.02,0.032,0.152,0.031
41,hsa_circ_0049658,0.047,0.029,0.021,0.033,0.041,0.035,0.03,0.036,0.019,0.025,0.039,0.034,0.043
42,hsa_circ_0058514,0.06,0.056,0.069,0.108,0.09,0.111,0.091,0.15,0.078,0.089,0.108,0.086,0.096
44,hsa_circ_0006101,0.053,0.036,0.037,0.043,0.047,0.076,0.046,0.113,0.041,0.043,0.056,0.214,0.03
47,hsa_circ_0001721,0.165,0.123,0.09,0.112,0.104,0.191,0.079,0.463,0.103,0.053,0.067,0.82,0.033
48,hsa_circ_0003892,0.027,0.027,0.033,0.029,0.034,0.041,0.031,0.032,0.036,0.082,0.031,0.053,0.038
51,hsa_circ_0071473,0.027,0.021,0.024,0.057,0.025,0.055,0.019,0.06,0.026,0.03,0.02,0.233,0.049
52,hsa_circ_0001461,0.684,0.433,0.26,0.592,0.443,0.532,0.494,0.153,0.439,0.797,1.296,0.512,0.133
53,hsa_circ_0062022,0.057,0.031,0.05,0.048,0.042,0.046,0.035,0.144,0.059,0.049,0.046,0.032,0.074
54,hsa_circ_0000034,0.094,0.047,0.038,0.062,0.052,0.049,0.043,0.075,0.04,0.036,0.049,0.145,0.052
55,hsa_circ_0001742,0.763,0.436,0.249,0.38,0.287,0.474,0.386,0.381,0.328,0.11,0.636,6.021,0.108
58,hsa_circ_0007874,0.086,0.041,0.062,0.058,0.079,0.079,0.059,0.368,0.066,0.055,0.092,0.273,0.072
59,hsa_circ_0001785,0.152,0.129,0.08,0.091,0.103,0.14,0.091,0.337,0.106,0.107,0.13,0.52,0.083
60,hsa_circ_0000977,0.071,0.068,0.046,0.054,0.053,0.091,0.048,0.079,0.053,0.064,0.071,0.229,0.053
62,hsa_circ_0007843,0.165,0.103,0.046,0.177,0.29,0.13,0.112,0.657,0.081,0.152,0.202,0.433,0.114
63,hsa_circ_0001451,1.38,1.685,1.293,1.355,1.459,2.05,1.294,4.01,1.592,1.48,2.606,2.334,1.145
64,hsa_circ_0005927,0.108,0.151,0.084,0.088,0.125,0.129,0.089,0.434,0.082,0.089,0.117,0.555,0.073
65,hsa_circ_0001361,0.128,0.068,0.085,0.065,0.108,0.079,0.095,0.057,0.083,0.066,0.095,0.155,0.031
66,hsa_circ_0001492,0.302,0.211,0.174,0.243,0.309,0.474,0.133,1.417,0.154,0.166,0.332,0.836,0.149
67,hsa_circ_0006948,0.254,0.197,0.113,0.123,0.294,0.218,0.181,0.295,0.196,0.201,0.442,0.686,0.082
68,hsa_circ_0009172,0.076,0.051,0.053,0.084,0.103,0.111,0.107,0.227,0.058,0.052,0.094,0.816,0.171
69,hsa_circ_0001801,1.24,2.237,0.925,1.745,2.329,1.784,0.772,3.664,0.798,0.789,2.574,4.724,1.101
70,hsa_circ_0003288,0.065,0.037,0.037,0.045,0.055,0.058,0.066,0.064,0.041,0.039,0.076,0.415,0.099
72,hsa_circ_0004913,0.092,0.084,0.071,0.083,0.121,0.133,0.105,0.128,0.055,0.121,0.1,1.003,0.127
73,hsa_circ_0000847,0.28,0.36,0.206,0.356,0.445,0.54,0.291,1.04,0.233,0.313,0.488,1.112,0.464
74,hsa_circ_0006427,0.133,0.083,0.082,0.066,0.086,0.1,0.075,0.255,0.07,0.101,0.075,0.413,0.038
75,hsa_circ_0007059,0.131,0.087,0.059,0.092,0.078,0.147,0.058,0.305,0.07,0.049,0.189,0.302,0.058
76,hsa_circ_0006117,0.36,0.367,0.264,0.447,0.381,0.511,0.31,1.211,0.268,0.222,0.456,0.936,0.578
77,hsa_circ_0007694,0.047,0.097,0.029,0.035,0.152,0.044,0.015,0.061,0.036,0.018,0.041,0.026,0.055
78,hsa_circ_0007334,0.096,0.097,0.165,0.238,0.146,0.2,0.058,0.236,0.043,0.04,0.071,0.165,0.178
80,hsa_circ_0000267,0.531,0.575,0.305,0.372,0.533,0.666,0.726,3.491,0.407,0.411,0.588,1.715,0.55
81,hsa_circ_0008305,0.06,0.088,0.034,0.041,0.043,0.056,0.034,0.06,0.024,0.06,0.075,0.066,0.035
82,hsa_circ_0043469,0.048,0.048,0.034,0.044,0.131,0.069,0.056,0.049,0.07,0.043,0.072,0.224,0.017
84,hsa_circ_0003028,0.232,0.364,0.173,0.155,0.284,0.284,0.139,0.881,0.191,0.252,0.179,0.312,0.164
85,hsa_circ_0001073,1.115,0.668,0.412,0.759,0.716,1.291,0.772,1.341,0.633,0.695,1.631,4.611,1.134
86,hsa_circ_0007294,0.154,0.153,0.115,0.228,0.507,0.19,0.142,0.021,0.089,0.105,0.372,0.819,0.257
87,hsa_circ_0003119,0.09,0.184,0.058,0.08,0.099,0.083,0.1,0.511,0.073,0.055,0.079,1.016,0.054
88,hsa_circ_0005576,0.05,0.099,0.03,0.04,0.073,0.065,0.049,0.104,0.038,0.068,0.033,0.046,0.02
89,hsa_circ_0004214,0.137,0.133,0.074,0.118,0.067,0.136,0.138,0.129,0.071,0.12,0.279,0.175,0.049
90,hsa_circ_0065243,0.094,0.066,0.045,0.07,0.067,0.07,0.046,0.082,0.043,0.049,0.073,0.133,0.085
91,hsa_circ_0002360,0.531,0.22,0.557,0.246,0.525,0.544,0.421,1.795,0.4,0.295,0.539,0.228,0.273
92,hsa_circ_0001178,0.858,1.065,0.845,0.914,1.017,1.337,0.459,4.666,0.614,0.64,0.823,1.598,0.641
94,hsa_circ_0087862,0.081,0.05,0.054,0.062,0.049,0.064,0.074,0.058,0.034,0.045,0.049,0.056,0.058
95,hsa_circ_0004390,0.159,0.574,0.465,0.689,0.588,0.467,0.671,0.1,0.53,0.193,0.277,0.222,0.064
96,hsa_circ_0008234,0.428,0.168,0.195,0.939,0.794,0.574,0.256,0.722,0.334,0.244,0.371,0.503,0.37
97,hsa_circ_0000745,3.835,3.474,1.434,2.02,1.373,1.782,1.925,4.075,2.067,1.094,1.175,1.108,2.439
98,hsa_circ_0000384,0.768,0.857,0.432,0.562,0.58,1.155,0.58,0.821,0.477,0.656,0.645,1.421,0.732
100,hsa_circ_0004798,0.028,0.028,0.034,0.031,0.029,0.078,0.02,0.081,0.054,0.033,0.025,0.129,0.032
101,hsa_circ_0004873,0.155,0.05,0.044,0.074,0.109,0.105,0.093,0.108,0.036,0.049,0.16,0.657,0.054
104,hsa_circ_0000155,0.055,0.077,0.082,0.136,0.084,0.101,0.05,0.14,0.077,0.044,0.085,0.074,0.13
106,hsa_circ_0006156,6.568,5.978,4.681,3.721,4.272,6.91,5.061,4.754,6.274,5.073,10.821,6.811,4.986
107,hsa_circ_0001725,0.435,0.299,0.337,0.353,0.24,0.348,0.704,0.483,0.458,0.523,0.557,0.15,0.6
108,hsa_circ_0003998,0.301,0.256,0.167,0.229,0.31,0.322,0.226,0.767,0.181,0.227,0.343,0.843,0.211
113,hsa_circ_0002483,0.749,1.324,0.391,0.52,0.649,1.076,0.546,0.837,0.452,0.906,0.732,2.643,0.459
114,hsa_circ_0011385,0.053,0.034,0.049,0.045,0.058,0.058,0.061,0.143,0.036,0.028,0.074,0.097,0.033
117,hsa_circ_0006302,0.094,0.12,0.071,0.098,0.12,0.165,0.098,0.372,0.079,0.079,0.124,0.28,0.124
118,hsa_circ_0009065,0.099,0.084,0.065,0.066,0.102,0.119,0.069,0.419,0.059,0.059,0.187,0.542,0.079
119,hsa_circ_0002928,0.167,0.132,0.063,0.121,0.131,0.141,0.114,0.373,0.087,0.087,0.195,0.34,0.045
120,hsa_circ_0008068,0.074,0.036,0.027,0.035,0.038,0.04,0.034,0.059,0.032,0.041,0.067,0.132,0.077
