miR_ID,circbase_ID
miR-608,hsa_circ_0034642
miR-1976,hsa_circ_0075686
miR-665,hsa_circ_0081143
miR-6165,hsa_circ_0081143
miR-608,hsa_circ_0025033
miR-141-3p,hsa_circ_0075686
miR-942-5p,hsa_circ_0001461
miR-200a-3p,hsa_circ_0075686
miR-125a-5p,hsa_circ_0000527
miR-320a,hsa_circ_0025033
miR-320b,hsa_circ_0025033
miR-181b-5p,hsa_circ_0075686
miR-20b-5p,hsa_circ_0075686
miR-449a,hsa_circ_0086682
miR-6838-5p,hsa_circ_0020710
miR-6165,hsa_circ_0010220
miR-608,hsa_circ_0010869
miR-1827,hsa_circ_0010869
miR-106b-5p,hsa_circ_0075686
miR-370-3p,hsa_circ_0020710
miR-1273a,hsa_circ_0000527
miR-93-5p,hsa_circ_0075686
miR-942-5p,hsa_circ_0075686
miR-6089,hsa_circ_0000527
miR-30a-5p,hsa_circ_0001461
miR-98-5p,hsa_circ_0000247
miR-17-5p,hsa_circ_0075686
miR-21-3p,hsa_circ_0001725
miR-608,hsa_circ_0086682
miR-6785-5p,hsa_circ_0092303
miR-6838-5p,hsa_circ_0016068
miR-3127-5p,hsa_circ_0063526
miR-17-5p,hsa_circ_0010869
miR-6838-5p,hsa_circ_0081143
miR-195-5p,hsa_circ_0000096
miR-93-5p,hsa_circ_0010869
miR-942-5p,hsa_circ_0063526
miR-1976,hsa_circ_0010869
miR-6838-5p,hsa_circ_0062019
miR-6838-5p,hsa_circ_0062022
miR-140-3p,hsa_circ_0087378
miR-20a-5p,hsa_circ_0075686
miR-608,hsa_circ_0075686
miR-203a-3p,hsa_circ_0082003
miR-106b-5p,hsa_circ_0010869
miR-370-3p,hsa_circ_0001725
miR-362-3p,hsa_circ_0010220
miR-653-5p,hsa_circ_0003288
miR-149-3p,hsa_circ_0033546
miR-485-5p,hsa_circ_0086682
miR-671-5p,hsa_circ_0025033
miR-6785-5p,hsa_circ_0033546
miR-16-5p,hsa_circ_0000096
miR-19b-3p,hsa_circ_0075686
miR-20a-5p,hsa_circ_0010869
miR-6785-5p,hsa_circ_0046423
miR-15a-5p,hsa_circ_0000096
miR-3127-5p,hsa_circ_0010869
miR-32-5p,hsa_circ_0016068
miR-383-5p,hsa_circ_0001626
miR-590-5p,hsa_circ_0020123
miR-125b-5p,hsa_circ_0000527
miR-378a-3p,hsa_circ_0010869
miR-499a-5p,hsa_circ_0001627
miR-665,hsa_circ_0001725
miR-665,hsa_circ_0010869
miR-885-3p,hsa_circ_0075686
miR-149-3p,hsa_circ_0060467
miR-30b-5p,hsa_circ_0001461
miR-424-5p,hsa_circ_0016068
miR-485-5p,hsa_circ_0000527
miR-221-3p,hsa_circ_0075686
miR-4521,hsa_circ_0025033
miR-636,hsa_circ_0010220
miR-107,hsa_circ_0026134
miR-141-3p,hsa_circ_0000096
miR-16-5p,hsa_circ_0016068
miR-182-5p,hsa_circ_0053958
miR-1827,hsa_circ_0001944
miR-3127-5p,hsa_circ_0034642
miR-370-3p,hsa_circ_0086682
miR-520b,hsa_circ_0075686
miR-520c-3p,hsa_circ_0075686
miR-942-5p,hsa_circ_0011255
miR-1254,hsa_circ_0075686
miR-181a-5p,hsa_circ_0075686
miR-432-5p,hsa_circ_0086682
miR-455-3p,hsa_circ_0000527
miR-6785-5p,hsa_circ_0075686
miR-92b-3p,hsa_circ_0000527
miR-93-5p,hsa_circ_0026344
miR-145-5p,hsa_circ_0001461
miR-6165,hsa_circ_0016068
miR-6868-5p,hsa_circ_0053958
miR-149-3p,hsa_circ_0000527
miR-301a-3p,hsa_circ_0075686
miR-326,hsa_circ_0003204
miR-422a,hsa_circ_0010869
miR-506-3p,hsa_circ_0001627
miR-6086,hsa_circ_0010869
miR-942-5p,hsa_circ_0000745
miR-18a-5p,hsa_circ_0053958
miR-377-3p,hsa_circ_0053958
miR-4435,hsa_circ_0026134
miR-451b,hsa_circ_0075686
miR-506-3p,hsa_circ_0026134
miR-92a-3p,hsa_circ_0000527
miR-98-5p,hsa_circ_0086682
miR-135b-5p,hsa_circ_0085576
miR-188-5p,hsa_circ_0000247
miR-665,hsa_circ_0010220
miR-6785-5p,hsa_circ_0086682
miR-107,hsa_circ_0016068
miR-1225-5p,hsa_circ_0034642
miR-124-3p,hsa_circ_0000527
miR-195-5p,hsa_circ_0016068
miR-429,hsa_circ_0075686
miR-140-3p,hsa_circ_0062019
miR-150-3p,hsa_circ_0000284
miR-150-3p,hsa_circ_0021592
miR-150-3p,hsa_circ_0021596
miR-30a-5p,hsa_circ_0075686
miR-326,hsa_circ_0026344
miR-424-5p,hsa_circ_0000096
miR-6165,hsa_circ_0075686
miR-942-5p,hsa_circ_0026344
miR-15a-5p,hsa_circ_0062019
miR-15a-5p,hsa_circ_0062022
miR-98-5p,hsa_circ_0010869
miR-195-5p,hsa_circ_0081143
miR-6838-5p,hsa_circ_0009065
miR-149-3p,hsa_circ_0035483
miR-451b,hsa_circ_0001627
miR-106b-5p,hsa_circ_0008068
miR-145-5p,hsa_circ_0003855
miR-3687,hsa_circ_0014359
miR-3687,hsa_circ_0025033
miR-3687,hsa_circ_0025039
miR-671-5p,hsa_circ_0026344
miR-181b-5p,hsa_circ_0001461
miR-6838-5p,hsa_circ_0005927
miR-135b-5p,hsa_circ_0004339
miR-3127-5p,hsa_circ_0062019
miR-491-5p,hsa_circ_0004390
miR-543,hsa_circ_0001387
miR-1273a,hsa_circ_0010869
miR-133b,hsa_circ_0000527
miR-199a-5p,hsa_circ_0010220
miR-432-5p,hsa_circ_0001627
miR-584-5p,hsa_circ_0086375
miR-149-3p,hsa_circ_0046423
miR-183-5p,hsa_circ_0010220
miR-6089,hsa_circ_0001793
miR-885-3p,hsa_circ_0011255
miR-1276,hsa_circ_0034642
miR-134-5p,hsa_circ_0025033
miR-140-5p,hsa_circ_0032462
miR-17-5p,hsa_circ_0008068
miR-23a-3p,hsa_circ_0007059
miR-455-3p,hsa_circ_0000096
miR-493-5p,hsa_circ_0003204
miR-6086,hsa_circ_0008234
miR-632,hsa_circ_0026416
miR-3194-3p,hsa_circ_0025033
miR-378a-3p,hsa_circ_0003204
miR-422a,hsa_circ_0003204
miR-6089,hsa_circ_0010869
miR-6785-5p,hsa_circ_0065243
miR-134-5p,hsa_circ_0031450
miR-135b-5p,hsa_circ_0000527
miR-145-5p,hsa_circ_0062558
miR-146a-5p,hsa_circ_0053958
miR-15a-5p,hsa_circ_0060937
miR-16-5p,hsa_circ_0007444
miR-199b-5p,hsa_circ_0010220
miR-206,hsa_circ_0007534
miR-374a-5p,hsa_circ_0000977
miR-4435,hsa_circ_0014359
miR-4465,hsa_circ_0021245
miR-532-3p,hsa_circ_0072088
miR-608,hsa_circ_0085558
miR-6868-5p,hsa_circ_0058514
miR-140-5p,hsa_circ_0058514
miR-183-5p,hsa_circ_0003288
miR-30a-3p,hsa_circ_0032821
miR-3677-5p,hsa_circ_0062558
miR-455-3p,hsa_circ_0003028
miR-501-3p,hsa_circ_0033546
miR-503-5p,hsa_circ_0062019
miR-503-5p,hsa_circ_0062022
miR-1272,hsa_circ_0001742
miR-1272,hsa_circ_0021245
miR-149-3p,hsa_circ_0020710
miR-1827,hsa_circ_0025033
miR-20a-5p,hsa_circ_0008068
miR-20b-5p,hsa_circ_0008068
miR-3195,hsa_circ_0021592
miR-330-3p,hsa_circ_0000527
miR-4429,hsa_circ_0008234
miR-483-3p,hsa_circ_0026416
miR-608,hsa_circ_0003418
miR-630,hsa_circ_0053958
miR-632,hsa_circ_0000043
miR-632,hsa_circ_0011255
miR-636,hsa_circ_0001387
miR-105-3p,hsa_circ_0026416
miR-1254,hsa_circ_0062558
miR-1273a,hsa_circ_0000745
miR-1273a,hsa_circ_0001944
miR-130a-3p,hsa_circ_0000155
miR-130b-3p,hsa_circ_0007334
miR-193a-3p,hsa_circ_0000284
miR-193a-3p,hsa_circ_0021592
miR-193a-3p,hsa_circ_0021596
miR-199b-5p,hsa_circ_0001387
miR-20b-5p,hsa_circ_0010869
miR-301a-3p,hsa_circ_0010869
miR-30a-3p,hsa_circ_0035483
miR-370-3p,hsa_circ_0008234
miR-520c-3p,hsa_circ_0033546
miR-574-5p,hsa_circ_0007364
miR-603,hsa_circ_0062558
miR-6086,hsa_circ_0003892
miR-6089,hsa_circ_0025033
miR-6785-5p,hsa_circ_0006156
miR-9-5p,hsa_circ_0035483
miR-1254,hsa_circ_0025033
miR-125a-3p,hsa_circ_0016068
miR-1272,hsa_circ_0020123
miR-135b-5p,hsa_circ_0004370
miR-1-3p,hsa_circ_0000977
miR-181b-5p,hsa_circ_0026416
miR-195-5p,hsa_circ_0007444
miR-199a-5p,hsa_circ_0075686
miR-3127-5p,hsa_circ_0086682
miR-320a,hsa_circ_0008234
miR-320b,hsa_circ_0008234
miR-378a-5p,hsa_circ_0001944
miR-429,hsa_circ_0009065
miR-449a,hsa_circ_0068062
miR-451b,hsa_circ_0062019
miR-4709-3p,hsa_circ_0000155
miR-483-3p,hsa_circ_0001162
miR-503-5p,hsa_circ_0053958
miR-520b,hsa_circ_0032821
miR-520b,hsa_circ_0033546
miR-520c-3p,hsa_circ_0032821
miR-608,hsa_circ_0003892
miR-628-5p,hsa_circ_0082003
miR-632,hsa_circ_0001461
miR-6785-5p,hsa_circ_0035483
miR-6785-5p,hsa_circ_0061825
miR-885-3p,hsa_circ_0049658
miR-940,hsa_circ_0020710
miR-122-5p,hsa_circ_0060467
miR-125a-3p,hsa_circ_0034642
miR-125a-5p,hsa_circ_0062558
miR-1272,hsa_circ_0011385
miR-1-3p,hsa_circ_0007534
miR-143-3p,hsa_circ_0046423
miR-144-3p,hsa_circ_0086737
miR-181b-5p,hsa_circ_0021977
miR-182-5p,hsa_circ_0026134
miR-203a-3p,hsa_circ_0007364
miR-21-3p,hsa_circ_0001073
miR-3127-5p,hsa_circ_0072088
miR-449a,hsa_circ_0060467
miR-4709-3p,hsa_circ_0078710
miR-487a-3p,hsa_circ_0026416
miR-493-5p,hsa_circ_0014130
miR-590-5p,hsa_circ_0000043
miR-590-5p,hsa_circ_0011255
miR-6165,hsa_circ_0071473
miR-653-5p,hsa_circ_0026134
miR-6838-5p,hsa_circ_0001785
miR-6868-5p,hsa_circ_0034642
miR-940,hsa_circ_0075686
miR-9-5p,hsa_circ_0088233
miR-107,hsa_circ_0053958
miR-1272,hsa_circ_0010869
miR-137,hsa_circ_0075686
miR-140-3p,hsa_circ_0010869
miR-199b-5p,hsa_circ_0082003
miR-19b-1-5p,hsa_circ_0006990
miR-21-3p,hsa_circ_0025033
miR-22-3p,hsa_circ_0010869
miR-3127-5p,hsa_circ_0001162
miR-326,hsa_circ_0000515
miR-331-3p,hsa_circ_0060467
miR-331-3p,hsa_circ_0092303
miR-370-3p,hsa_circ_0075686
miR-381-3p,hsa_circ_0006302
miR-383-5p,hsa_circ_0003418
miR-429,hsa_circ_0000847
miR-449a,hsa_circ_0046423
miR-506-3p,hsa_circ_0003288
miR-550a-3-5p,hsa_circ_0020710
miR-574-5p,hsa_circ_0020710
miR-581,hsa_circ_0001944
miR-590-5p,hsa_circ_0004913
miR-6165,hsa_circ_0000527
miR-653-5p,hsa_circ_0087862
miR-93-5p,hsa_circ_0021245
miR-942-5p,hsa_circ_0001627
miR-9-5p,hsa_circ_0000745
miR-107,hsa_circ_0001725
miR-107,hsa_circ_0075686
miR-1225-5p,hsa_circ_0020710
miR-1254,hsa_circ_0026344
miR-125a-3p,hsa_circ_0002483
miR-1272,hsa_circ_0053958
miR-134-5p,hsa_circ_0000284
miR-134-5p,hsa_circ_0021592
miR-134-5p,hsa_circ_0021596
miR-135b-5p,hsa_circ_0000847
miR-140-3p,hsa_circ_0088233
miR-141-3p,hsa_circ_0026134
miR-150-3p,hsa_circ_0049027
miR-183-5p,hsa_circ_0010869
miR-221-3p,hsa_circ_0085576
miR-22-3p,hsa_circ_0004214
miR-30a-3p,hsa_circ_0001801
miR-335-5p,hsa_circ_0062019
miR-409-5p,hsa_circ_0086682
miR-421,hsa_circ_0021596
miR-432-5p,hsa_circ_0003855
miR-4472,hsa_circ_0060467
miR-455-3p,hsa_circ_0014130
miR-4709-3p,hsa_circ_0000267
miR-4709-3p,hsa_circ_0000437
miR-582-5p,hsa_circ_0075686
miR-590-5p,hsa_circ_0071473
miR-608,hsa_circ_0000527
miR-608,hsa_circ_0088233
miR-615-3p,hsa_circ_0000527
miR-632,hsa_circ_0003204
miR-665,hsa_circ_0001944
miR-671-5p,hsa_circ_0016068
miR-885-3p,hsa_circ_0092303
miR-942-5p,hsa_circ_0020123
miR-942-5p,hsa_circ_0087862
miR-106b-5p,hsa_circ_0001944
miR-130b-3p,hsa_circ_0000384
miR-137,hsa_circ_0002483
miR-137,hsa_circ_0026134
miR-139-5p,hsa_circ_0075686
miR-149-3p,hsa_circ_0078710
miR-150-5p,hsa_circ_0035483
miR-16-5p,hsa_circ_0025033
miR-181a-5p,hsa_circ_0026416
miR-182-5p,hsa_circ_0002483
miR-183-5p,hsa_circ_0001162
miR-193b-5p,hsa_circ_0001725
miR-199b-5p,hsa_circ_0075686
miR-19b-1-5p,hsa_circ_0032821
miR-19b-3p,hsa_circ_0058514
miR-206,hsa_circ_0000977
miR-21-5p,hsa_circ_0020123
miR-30a-3p,hsa_circ_0008717
miR-3127-5p,hsa_circ_0011255
miR-3127-5p,hsa_circ_0078710
miR-3194-3p,hsa_circ_0001387
miR-3194-3p,hsa_circ_0075686
miR-32-5p,hsa_circ_0031450
miR-32-5p,hsa_circ_0075686
miR-331-3p,hsa_circ_0033546
miR-331-3p,hsa_circ_0062022
miR-338-3p,hsa_circ_0001725
miR-362-3p,hsa_circ_0004913
miR-3650,hsa_circ_0001461
miR-377-3p,hsa_circ_0002928
miR-378a-3p,hsa_circ_0078710
miR-421,hsa_circ_0007294
miR-424-5p,hsa_circ_0060937
miR-4472,hsa_circ_0010220
miR-455-3p,hsa_circ_0034642
miR-4709-3p,hsa_circ_0075686
miR-485-5p,hsa_circ_0010235
miR-499a-5p,hsa_circ_0000284
miR-499a-5p,hsa_circ_0021592
miR-499a-5p,hsa_circ_0021596
miR-506-3p,hsa_circ_0001162
miR-6086,hsa_circ_0001725
miR-6089,hsa_circ_0001715
miR-616-3p,hsa_circ_0032462
miR-628-5p,hsa_circ_0001492
miR-632,hsa_circ_0075686
miR-665,hsa_circ_0033546
miR-671-5p,hsa_circ_0062558
miR-6868-5p,hsa_circ_0000848
miR-6868-5p,hsa_circ_0007364
miR-885-3p,hsa_circ_0003204
miR-942-5p,hsa_circ_0001451
miR-942-5p,hsa_circ_0001785
miR-942-5p,hsa_circ_0006101
miR-107,hsa_circ_0000328
miR-107,hsa_circ_0007444
miR-1254,hsa_circ_0010869
miR-150-3p,hsa_circ_0075686
miR-16-5p,hsa_circ_0060937
miR-181a-5p,hsa_circ_0001461
miR-1827,hsa_circ_0000527
miR-1827,hsa_circ_0088233
miR-18a-5p,hsa_circ_0006117
miR-193b-5p,hsa_circ_0081376
miR-195-5p,hsa_circ_0060937
miR-195-5p,hsa_circ_0062019
miR-195-5p,hsa_circ_0062022
miR-1976,hsa_circ_0032821
miR-21-3p,hsa_circ_0009172
miR-224-5p,hsa_circ_0000527
miR-224-5p,hsa_circ_0032462
miR-25-3p,hsa_circ_0001801
miR-301b-3p,hsa_circ_0007334
miR-30a-3p,hsa_circ_0000284
miR-30a-3p,hsa_circ_0003288
miR-30a-3p,hsa_circ_0021592
miR-30a-3p,hsa_circ_0021596
miR-330-3p,hsa_circ_0001725
miR-331-3p,hsa_circ_0010869
miR-335-5p,hsa_circ_0030998
miR-338-3p,hsa_circ_0010235
miR-3677-5p,hsa_circ_0075686
miR-378a-5p,hsa_circ_0000155
miR-422a,hsa_circ_0075686
miR-449a,hsa_circ_0020710
miR-506-3p,hsa_circ_0000284
miR-506-3p,hsa_circ_0021592
miR-506-3p,hsa_circ_0021596
miR-550a-3-5p,hsa_circ_0000043
miR-550a-3-5p,hsa_circ_0011255
miR-574-5p,hsa_circ_0008234
miR-6165,hsa_circ_0007534
miR-6165,hsa_circ_0008717
miR-6838-5p,hsa_circ_0001387
miR-885-5p,hsa_circ_0000043
miR-885-5p,hsa_circ_0011255
miR-92a-3p,hsa_circ_0026344
miR-92b-3p,hsa_circ_0026344
miR-942-5p,hsa_circ_0001387
miR-942-5p,hsa_circ_0081143
miR-98-5p,hsa_circ_0000527
miR-98-5p,hsa_circ_0026344
miR-1225-5p,hsa_circ_0001944
miR-124-3p,hsa_circ_0001162
miR-1276,hsa_circ_0004798
miR-128-3p,hsa_circ_0009143
miR-128-3p,hsa_circ_0062019
miR-128-3p,hsa_circ_0062022
miR-128-3p,hsa_circ_0085536
miR-130a-3p,hsa_circ_0007334
miR-141-3p,hsa_circ_0003288
miR-17-5p,hsa_circ_0001944
miR-17-5p,hsa_circ_0071473
miR-181a-5p,hsa_circ_0000848
miR-181a-5p,hsa_circ_0053958
miR-181b-5p,hsa_circ_0000848
miR-193b-5p,hsa_circ_0000337
miR-195-5p,hsa_circ_0025033
miR-199a-5p,hsa_circ_0084922
miR-199b-5p,hsa_circ_0001627
miR-200a-3p,hsa_circ_0026134
miR-20a-5p,hsa_circ_0001944
miR-20b-5p,hsa_circ_0001944
miR-20b-5p,hsa_circ_0071473
miR-221-3p,hsa_circ_0021596
miR-23a-3p,hsa_circ_0000711
miR-23a-3p,hsa_circ_0053958
miR-25-3p,hsa_circ_0000527
miR-25-3p,hsa_circ_0016068
miR-3194-3p,hsa_circ_0000848
miR-33a-5p,hsa_circ_0000284
miR-33a-5p,hsa_circ_0021592
miR-33a-5p,hsa_circ_0021596
miR-3677-5p,hsa_circ_0062019
miR-3677-5p,hsa_circ_0062022
miR-370-3p,hsa_circ_0001361
miR-370-3p,hsa_circ_0006948
miR-370-3p,hsa_circ_0010869
miR-374a-5p,hsa_circ_0010220
miR-377-3p,hsa_circ_0010220
miR-383-5p,hsa_circ_0000467
miR-421,hsa_circ_0000384
miR-424-5p,hsa_circ_0001627
miR-429,hsa_circ_0014130
miR-4465,hsa_circ_0001627
miR-4709-3p,hsa_circ_0062019
miR-4709-3p,hsa_circ_0062022
miR-483-3p,hsa_circ_0010869
miR-483-3p,hsa_circ_0061825
miR-485-5p,hsa_circ_0001944
miR-485-5p,hsa_circ_0010869
miR-501-3p,hsa_circ_0000527
miR-509-3p,hsa_circ_0075686
miR-532-3p,hsa_circ_0025033
miR-550a-3-5p,hsa_circ_0008068
miR-581,hsa_circ_0003288
miR-581,hsa_circ_0010869
miR-603,hsa_circ_0010220
miR-6086,hsa_circ_0000527
miR-608,hsa_circ_0004214
miR-628-5p,hsa_circ_0008068
miR-632,hsa_circ_0010235
miR-632,hsa_circ_0010869
miR-665,hsa_circ_0092303
miR-671-5p,hsa_circ_0060467
miR-6868-5p,hsa_circ_0010220
miR-93-5p,hsa_circ_0001944
miR-93-5p,hsa_circ_0008068
miR-940,hsa_circ_0010869
miR-942-5p,hsa_circ_0008305
miR-98-5p,hsa_circ_0004339
miR-106b-5p,hsa_circ_0082003
miR-10a-5p,hsa_circ_0000284
miR-10a-5p,hsa_circ_0021592
miR-10a-5p,hsa_circ_0021596
miR-133b,hsa_circ_0001461
miR-135b-5p,hsa_circ_0000155
miR-135b-5p,hsa_circ_0000467
miR-135b-5p,hsa_circ_0000977
miR-145-5p,hsa_circ_0003288
miR-145-5p,hsa_circ_0008717
miR-149-3p,hsa_circ_0075686
miR-152-3p,hsa_circ_0034642
miR-16-5p,hsa_circ_0010869
miR-17-5p,hsa_circ_0026344
miR-181b-5p,hsa_circ_0082003
miR-182-5p,hsa_circ_0001461
miR-183-5p,hsa_circ_0007364
miR-195-5p,hsa_circ_0026462
miR-199a-5p,hsa_circ_0001387
miR-199a-5p,hsa_circ_0007874
miR-19b-3p,hsa_circ_0000527
miR-19b-3p,hsa_circ_0001725
miR-20b-5p,hsa_circ_0026344
miR-22-3p,hsa_circ_0085576
miR-22-3p,hsa_circ_0086682
miR-301b-3p,hsa_circ_0010869
miR-3127-5p,hsa_circ_0026134
miR-3194-3p,hsa_circ_0000745
miR-3194-3p,hsa_circ_0086682
miR-324-5p,hsa_circ_0011255
miR-326,hsa_circ_0001715
miR-335-5p,hsa_circ_0000155
miR-338-3p,hsa_circ_0086682
miR-340-5p,hsa_circ_0014130
miR-3650,hsa_circ_0065243
miR-3687,hsa_circ_0011385
miR-424-5p,hsa_circ_0058514
miR-449a,hsa_circ_0049658
miR-4500,hsa_circ_0000527
miR-4709-3p,hsa_circ_0001742
miR-485-5p,hsa_circ_0000711
miR-485-5p,hsa_circ_0005615
miR-485-5p,hsa_circ_0008234
miR-485-5p,hsa_circ_0026134
miR-496,hsa_circ_0062019
miR-499a-5p,hsa_circ_0001461
miR-503-5p,hsa_circ_0010220
miR-6089,hsa_circ_0046423
miR-6089,hsa_circ_0085558
miR-608,hsa_circ_0084922
miR-6165,hsa_circ_0008234
miR-6165,hsa_circ_0034642
miR-628-5p,hsa_circ_0006168
miR-629-3p,hsa_circ_0000527
miR-629-3p,hsa_circ_0004873
miR-660-5p,hsa_circ_0031450
miR-6838-5p,hsa_circ_0025033
miR-7641,hsa_circ_0000437
miR-802,hsa_circ_0016068
miR-885-3p,hsa_circ_0033546
miR-92a-3p,hsa_circ_0001801
miR-942-5p,hsa_circ_0046423
miR-9-5p,hsa_circ_0000247
miR-1225-5p,hsa_circ_0000527
miR-124-3p,hsa_circ_0000977
miR-1254,hsa_circ_0001387
miR-1254,hsa_circ_0072088
miR-125a-5p,hsa_circ_0010869
miR-125a-5p,hsa_circ_0034642
miR-1272,hsa_circ_0001461
miR-1272,hsa_circ_0020710
miR-1272,hsa_circ_0091579
miR-129-5p,hsa_circ_0006539
miR-130a-3p,hsa_circ_0000384
miR-130a-3p,hsa_circ_0075686
miR-130b-3p,hsa_circ_0000096
miR-132-3p,hsa_circ_0016068
miR-133b,hsa_circ_0001162
miR-134-5p,hsa_circ_0001725
miR-135b-5p,hsa_circ_0008068
miR-135b-5p,hsa_circ_0062019
miR-143-3p,hsa_circ_0001387
miR-144-3p,hsa_circ_0016068
miR-145-5p,hsa_circ_0075686
miR-149-3p,hsa_circ_0085576
miR-149-3p,hsa_circ_0086682
miR-152-3p,hsa_circ_0062019
miR-16-5p,hsa_circ_0001785
miR-17-5p,hsa_circ_0082003
miR-181b-5p,hsa_circ_0008068
miR-181b-5p,hsa_circ_0032462
miR-182-5p,hsa_circ_0070269
miR-193b-5p,hsa_circ_0003998
miR-196a-5p,hsa_circ_0000384
miR-199a-5p,hsa_circ_0004390
miR-21-3p,hsa_circ_0001461
miR-22-3p,hsa_circ_0010220
miR-22-3p,hsa_circ_0032462
miR-25-3p,hsa_circ_0085576
miR-301a-3p,hsa_circ_0000384
miR-301b-3p,hsa_circ_0000384
miR-3127-5p,hsa_circ_0060467
miR-320a,hsa_circ_0007294
miR-320a,hsa_circ_0010220
miR-320b,hsa_circ_0007294
miR-320b,hsa_circ_0010220
miR-326,hsa_circ_0034642
miR-330-3p,hsa_circ_0000745
miR-338-3p,hsa_circ_0000711
miR-338-3p,hsa_circ_0005615
miR-365a-3p,hsa_circ_0016068
miR-3677-5p,hsa_circ_0026344
miR-377-3p,hsa_circ_0001627
miR-383-5p,hsa_circ_0001627
miR-383-5p,hsa_circ_0010869
miR-424-5p,hsa_circ_0010220
miR-424-5p,hsa_circ_0020710
miR-424-5p,hsa_circ_0026134
miR-4284,hsa_circ_0000320
miR-4284,hsa_circ_0026344
miR-4435,hsa_circ_0008717
miR-4472,hsa_circ_0010869
miR-4521,hsa_circ_0001451
miR-4709-3p,hsa_circ_0003855
miR-4709-3p,hsa_circ_0009172
miR-485-5p,hsa_circ_0062019
miR-491-5p,hsa_circ_0010869
miR-499a-5p,hsa_circ_0014130
miR-501-3p,hsa_circ_0034642
miR-503-5p,hsa_circ_0085576
miR-509-3p,hsa_circ_0001073
miR-509-3p,hsa_circ_0004214
miR-532-3p,hsa_circ_0001461
miR-532-3p,hsa_circ_0003418
miR-582-5p,hsa_circ_0000034
miR-584-5p,hsa_circ_0000155
miR-603,hsa_circ_0001492
miR-603,hsa_circ_0053958
miR-603,hsa_circ_0078710
miR-6089,hsa_circ_0034642
miR-6089,hsa_circ_0062019
miR-608,hsa_circ_0001387
miR-608,hsa_circ_0031450
miR-608,hsa_circ_0085576
miR-615-3p,hsa_circ_0071473
miR-616-3p,hsa_circ_0011385
miR-6165,hsa_circ_0026344
miR-632,hsa_circ_0003288
miR-653-5p,hsa_circ_0032821
miR-665,hsa_circ_0000936
miR-665,hsa_circ_0007364
miR-665,hsa_circ_0062019
miR-6868-5p,hsa_circ_0086682
miR-93-5p,hsa_circ_0058514
miR-9-5p,hsa_circ_0000711
miR-9-5p,hsa_circ_0005615
miR-9-5p,hsa_circ_0078710
miR-98-5p,hsa_circ_0085576
miR-124-3p,hsa_circ_0026134
miR-125a-3p,hsa_circ_0000711
miR-125a-3p,hsa_circ_0001742
miR-125a-3p,hsa_circ_0005615
miR-125a-3p,hsa_circ_0025033
miR-125a-3p,hsa_circ_0075686
miR-125a-5p,hsa_circ_0053958
miR-125b-5p,hsa_circ_0006168
miR-1273a,hsa_circ_0010220
miR-132-3p,hsa_circ_0070269
miR-133b,hsa_circ_0088233
miR-134-5p,hsa_circ_0001461
miR-134-5p,hsa_circ_0003855
miR-134-5p,hsa_circ_0009172
miR-134-5p,hsa_circ_0075686
miR-135b-5p,hsa_circ_0009172
miR-140-3p,hsa_circ_0091579
miR-145-5p,hsa_circ_0001492
miR-145-5p,hsa_circ_0003998
miR-149-3p,hsa_circ_0026344
miR-15a-5p,hsa_circ_0007444
miR-15a-5p,hsa_circ_0016068
miR-17-5p,hsa_circ_0021245
miR-181b-5p,hsa_circ_0007843
miR-182-5p,hsa_circ_0001627
miR-182-5p,hsa_circ_0006168
miR-193a-3p,hsa_circ_0086682
miR-193b-5p,hsa_circ_0001387
miR-1976,hsa_circ_0009361
miR-199b-5p,hsa_circ_0001461
miR-19b-1-5p,hsa_circ_0021245
miR-19b-3p,hsa_circ_0000096
miR-203a-3p,hsa_circ_0084922
miR-21-5p,hsa_circ_0000155
miR-224-5p,hsa_circ_0049658
miR-224-5p,hsa_circ_0075686
miR-23a-3p,hsa_circ_0082003
miR-25-3p,hsa_circ_0026344
miR-3127-5p,hsa_circ_0001742
miR-3127-5p,hsa_circ_0088233
miR-3194-3p,hsa_circ_0001725
miR-3194-3p,hsa_circ_0003418
miR-3194-3p,hsa_circ_0014130
miR-3195,hsa_circ_0046423
miR-320a,hsa_circ_0086682
miR-320b,hsa_circ_0086682
miR-324-5p,hsa_circ_0004214
miR-324-5p,hsa_circ_0062558
miR-326,hsa_circ_0004913
miR-330-3p,hsa_circ_0016068
miR-331-3p,hsa_circ_0008068
miR-338-3p,hsa_circ_0008068
miR-338-3p,hsa_circ_0008234
miR-338-3p,hsa_circ_0033546
miR-3650,hsa_circ_0001387
miR-365a-3p,hsa_circ_0034642
miR-3677-5p,hsa_circ_0086682
miR-383-5p,hsa_circ_0000267
miR-383-5p,hsa_circ_0053958
miR-409-3p,hsa_circ_0000096
miR-4284,hsa_circ_0014359
miR-4284,hsa_circ_0062019
miR-429,hsa_circ_0008305
miR-432-5p,hsa_circ_0000328
miR-432-5p,hsa_circ_0026344
miR-432-5p,hsa_circ_0035483
miR-4435,hsa_circ_0034642
miR-4465,hsa_circ_0000527
miR-4521,hsa_circ_0001461
miR-455-3p,hsa_circ_0004339
miR-455-3p,hsa_circ_0025033
miR-4709-3p,hsa_circ_0003288
miR-4709-3p,hsa_circ_0089105
miR-485-5p,hsa_circ_0001627
miR-485-5p,hsa_circ_0001725
miR-485-5p,hsa_circ_0060467
miR-491-5p,hsa_circ_0060467
miR-499a-5p,hsa_circ_0001387
miR-499a-5p,hsa_circ_0001451
miR-499a-5p,hsa_circ_0031450
miR-506-3p,hsa_circ_0014359
miR-524-5p,hsa_circ_0031450
miR-532-3p,hsa_circ_0003204
miR-543,hsa_circ_0026134
miR-581,hsa_circ_0081143
miR-603,hsa_circ_0000467
miR-6089,hsa_circ_0001742
miR-608,hsa_circ_0021592
miR-608,hsa_circ_0046423
miR-6165,hsa_circ_0001162
miR-629-3p,hsa_circ_0075686
miR-636,hsa_circ_0006117
miR-638,hsa_circ_0062019
miR-638,hsa_circ_0062022
miR-638,hsa_circ_0075686
miR-653-5p,hsa_circ_0001627
miR-665,hsa_circ_0001387
miR-671-5p,hsa_circ_0026134
miR-6785-5p,hsa_circ_0000527
miR-6785-5p,hsa_circ_0001944
miR-6785-5p,hsa_circ_0016068
miR-6785-5p,hsa_circ_0060467
miR-7641,hsa_circ_0026416
miR-802,hsa_circ_0001073
miR-885-3p,hsa_circ_0010220
miR-885-3p,hsa_circ_0078710
miR-940,hsa_circ_0062019
miR-942-5p,hsa_circ_0001725
miR-9-5p,hsa_circ_0008717
miR-98-5p,hsa_circ_0000437
miR-98-5p,hsa_circ_0001725
miR-10a-5p,hsa_circ_0000745
miR-10a-5p,hsa_circ_0020123
miR-124-3p,hsa_circ_0014359
miR-1254,hsa_circ_0060467
miR-125a-5p,hsa_circ_0062019
miR-1272,hsa_circ_0035483
miR-1272,hsa_circ_0060937
miR-130b-3p,hsa_circ_0070269
miR-133b,hsa_circ_0001725
miR-133b,hsa_circ_0010220
miR-133b,hsa_circ_0075686
miR-135b-5p,hsa_circ_0010235
miR-135b-5p,hsa_circ_0084922
miR-140-3p,hsa_circ_0000096
miR-141-3p,hsa_circ_0020123
miR-144-3p,hsa_circ_0004390
miR-145-5p,hsa_circ_0000745
miR-150-5p,hsa_circ_0000527
miR-155-5p,hsa_circ_0026134
miR-181b-5p,hsa_circ_0000527
miR-182-5p,hsa_circ_0060467
miR-192-5p,hsa_circ_0001627
miR-193a-3p,hsa_circ_0075686
miR-195-5p,hsa_circ_0058514
miR-1976,hsa_circ_0008068
miR-1976,hsa_circ_0085576
miR-199a-5p,hsa_circ_0000745
miR-199b-5p,hsa_circ_0000745
miR-199b-5p,hsa_circ_0084922
miR-20a-5p,hsa_circ_0021245
miR-20a-5p,hsa_circ_0071473
miR-20b-5p,hsa_circ_0001721
miR-215-5p,hsa_circ_0001627
miR-21-5p,hsa_circ_0026344
miR-25-3p,hsa_circ_0031450
miR-301a-3p,hsa_circ_0000527
miR-301a-3p,hsa_circ_0007334
miR-301b-3p,hsa_circ_0071043
miR-301b-3p,hsa_circ_0075686
miR-30a-3p,hsa_circ_0001627
miR-30a-3p,hsa_circ_0003119
miR-30a-3p,hsa_circ_0091579
miR-30b-5p,hsa_circ_0001451
miR-3127-5p,hsa_circ_0010235
miR-3127-5p,hsa_circ_0021245
miR-3127-5p,hsa_circ_0025033
miR-3194-3p,hsa_circ_0065243
miR-320a,hsa_circ_0000527
miR-320b,hsa_circ_0000527
miR-324-5p,hsa_circ_0000043
miR-331-3p,hsa_circ_0010220
miR-331-3p,hsa_circ_0078710
miR-338-3p,hsa_circ_0026344
miR-33a-5p,hsa_circ_0004339
miR-362-3p,hsa_circ_0026344
miR-370-3p,hsa_circ_0000847
miR-370-3p,hsa_circ_0001178
miR-370-3p,hsa_circ_0016068
miR-383-5p,hsa_circ_0000527
miR-421,hsa_circ_0000527
miR-421,hsa_circ_0001627
miR-424-5p,hsa_circ_0021245
miR-4284,hsa_circ_0088233
miR-432-5p,hsa_circ_0010220
miR-432-5p,hsa_circ_0087378
miR-4429,hsa_circ_0010220
miR-4429,hsa_circ_0025033
miR-4472,hsa_circ_0000527
miR-4472,hsa_circ_0086682
miR-449a,hsa_circ_0078710
miR-4500,hsa_circ_0000247
miR-4500,hsa_circ_0004339
miR-451b,hsa_circ_0000267
miR-455-3p,hsa_circ_0031450
miR-4709-3p,hsa_circ_0004339
miR-485-5p,hsa_circ_0085576
miR-491-5p,hsa_circ_0009065
miR-499a-5p,hsa_circ_0000527
miR-499a-5p,hsa_circ_0003119
miR-501-3p,hsa_circ_0060467
miR-506-3p,hsa_circ_0053958
miR-520b,hsa_circ_0001461
miR-520c-3p,hsa_circ_0001461
miR-532-3p,hsa_circ_0000247
miR-574-5p,hsa_circ_0000782
miR-574-5p,hsa_circ_0003258
miR-574-5p,hsa_circ_0034642
miR-608,hsa_circ_0001806
miR-608,hsa_circ_0062558
miR-6165,hsa_circ_0062019
miR-630,hsa_circ_0091579
miR-632,hsa_circ_0004913
miR-632,hsa_circ_0005576
miR-632,hsa_circ_0086682
miR-636,hsa_circ_0003204
miR-636,hsa_circ_0085536
miR-638,hsa_circ_0000527
miR-665,hsa_circ_0000247
miR-6868-5p,hsa_circ_0000527
miR-6868-5p,hsa_circ_0001461
miR-802,hsa_circ_0034642
miR-885-3p,hsa_circ_0016068
miR-92a-3p,hsa_circ_0016068
miR-92b-3p,hsa_circ_0016068
miR-93-5p,hsa_circ_0001721
miR-940,hsa_circ_0026344
miR-940,hsa_circ_0032462
miR-107,hsa_circ_0062389
miR-122-5p,hsa_circ_0000527
miR-122-5p,hsa_circ_0001725
miR-125b-5p,hsa_circ_0034642
miR-1276,hsa_circ_0001806
miR-128-3p,hsa_circ_0078710
miR-130b-3p,hsa_circ_0000155
miR-132-3p,hsa_circ_0006990
miR-132-3p,hsa_circ_0025033
miR-134-5p,hsa_circ_0004214
miR-135b-5p,hsa_circ_0000247
miR-139-5p,hsa_circ_0021245
miR-140-3p,hsa_circ_0062022
miR-143-3p,hsa_circ_0010220
miR-143-3p,hsa_circ_0031450
miR-145-5p,hsa_circ_0000527
miR-146a-5p,hsa_circ_0001361
miR-146a-5p,hsa_circ_0003892
miR-146a-5p,hsa_circ_0006948
miR-146a-5p,hsa_circ_0026462
miR-150-5p,hsa_circ_0000155
miR-150-5p,hsa_circ_0085576
miR-15a-5p,hsa_circ_0001627
miR-15a-5p,hsa_circ_0025033
miR-15a-5p,hsa_circ_0058514
miR-16-5p,hsa_circ_0001387
miR-181a-5p,hsa_circ_0007843
miR-181a-5p,hsa_circ_0021977
miR-181a-5p,hsa_circ_0082003
miR-182-5p,hsa_circ_0025033
miR-182-5p,hsa_circ_0025039
miR-183-5p,hsa_circ_0075686
miR-183-5p,hsa_circ_0088233
miR-188-5p,hsa_circ_0001387
miR-188-5p,hsa_circ_0020123
miR-18a-5p,hsa_circ_0082003
miR-193b-5p,hsa_circ_0006539
miR-196a-5p,hsa_circ_0001627
miR-1976,hsa_circ_0000515
miR-199b-5p,hsa_circ_0007874
miR-203a-3p,hsa_circ_0009143
miR-203a-3p,hsa_circ_0085536
miR-206,hsa_circ_0082003
miR-20a-5p,hsa_circ_0026344
miR-210-3p,hsa_circ_0010235
miR-21-5p,hsa_circ_0000977
miR-224-5p,hsa_circ_0004339
miR-224-5p,hsa_circ_0006101
miR-224-5p,hsa_circ_0010869
miR-23a-3p,hsa_circ_0007444
miR-23a-3p,hsa_circ_0049658
miR-30a-3p,hsa_circ_0058514
miR-30a-5p,hsa_circ_0020710
miR-3127-5p,hsa_circ_0000527
miR-3127-5p,hsa_circ_0003288
miR-3127-5p,hsa_circ_0062558
miR-320a,hsa_circ_0010869
miR-320b,hsa_circ_0010869
miR-32-5p,hsa_circ_0001801
miR-326,hsa_circ_0003998
miR-33a-5p,hsa_circ_0004873
miR-3650,hsa_circ_0030998
miR-3650,hsa_circ_0081376
miR-370-3p,hsa_circ_0003204
miR-370-3p,hsa_circ_0004214
miR-370-3p,hsa_circ_0018818
miR-375,hsa_circ_0001461
miR-378a-3p,hsa_circ_0086682
miR-424-5p,hsa_circ_0003119
miR-424-5p,hsa_circ_0005927
miR-429,hsa_circ_0001627
miR-432-5p,hsa_circ_0000527
miR-432-5p,hsa_circ_0053958
miR-4435,hsa_circ_0003418
miR-4472,hsa_circ_0003418
miR-449a,hsa_circ_0002360
miR-449a,hsa_circ_0010235
miR-485-5p,hsa_circ_0001742
miR-485-5p,hsa_circ_0010220
miR-499a-5p,hsa_circ_0079593
miR-501-3p,hsa_circ_0010220
miR-501-3p,hsa_circ_0032462
miR-503-5p,hsa_circ_0026134
miR-506-3p,hsa_circ_0000977
miR-509-3p,hsa_circ_0007364
miR-509-3p,hsa_circ_0086682
miR-520b,hsa_circ_0010869
miR-520c-3p,hsa_circ_0010869
miR-543,hsa_circ_0001361
miR-543,hsa_circ_0006948
miR-574-5p,hsa_circ_0075686
miR-581,hsa_circ_0000527
miR-581,hsa_circ_0006990
miR-6086,hsa_circ_0078710
miR-608,hsa_circ_0026344
miR-615-3p,hsa_circ_0085536
miR-616-3p,hsa_circ_0020123
miR-6165,hsa_circ_0002768
miR-629-3p,hsa_circ_0001387
miR-629-3p,hsa_circ_0063526
miR-653-5p,hsa_circ_0000284
miR-653-5p,hsa_circ_0004771
miR-653-5p,hsa_circ_0021592
miR-653-5p,hsa_circ_0021596
miR-653-5p,hsa_circ_0075686
miR-671-5p,hsa_circ_0000527
miR-671-5p,hsa_circ_0008450
miR-6785-5p,hsa_circ_0085576
miR-6838-5p,hsa_circ_0004339
miR-7641,hsa_circ_0000711
miR-7641,hsa_circ_0005615
miR-7641,hsa_circ_0087862
miR-885-3p,hsa_circ_0062019
miR-885-3p,hsa_circ_0062022
miR-93-5p,hsa_circ_0000034
miR-940,hsa_circ_0016068
miR-942-5p,hsa_circ_0000527
miR-942-5p,hsa_circ_0007364
miR-106b-5p,hsa_circ_0026344
miR-107,hsa_circ_0003892
miR-107,hsa_circ_0062019
miR-107,hsa_circ_0062022
miR-1225-5p,hsa_circ_0001627
miR-122-5p,hsa_circ_0026134
miR-124-3p,hsa_circ_0016068
miR-1254,hsa_circ_0085576
miR-125a-3p,hsa_circ_0085576
miR-125b-5p,hsa_circ_0001806
miR-125b-5p,hsa_circ_0010869
miR-128-3p,hsa_circ_0020710
miR-129-5p,hsa_circ_0072088
miR-130a-3p,hsa_circ_0020123
miR-132-3p,hsa_circ_0000284
miR-132-3p,hsa_circ_0003855
miR-132-3p,hsa_circ_0014130
miR-132-3p,hsa_circ_0021592
miR-132-3p,hsa_circ_0021596
miR-135b-5p,hsa_circ_0001461
miR-141-3p,hsa_circ_0004390
miR-143-3p,hsa_circ_0085558
miR-145-5p,hsa_circ_0004873
miR-145-5p,hsa_circ_0034642
miR-145-5p,hsa_circ_0053958
miR-145-5p,hsa_circ_0081143
miR-148b-3p,hsa_circ_0000384
miR-149-3p,hsa_circ_0016068
miR-150-5p,hsa_circ_0001387
miR-152-3p,hsa_circ_0010869
miR-16-5p,hsa_circ_0005927
miR-16-5p,hsa_circ_0020710
miR-181a-5p,hsa_circ_0026134
miR-181a-5p,hsa_circ_0032462
miR-182-5p,hsa_circ_0043469
miR-1827,hsa_circ_0010220
miR-183-5p,hsa_circ_0001461
miR-183-5p,hsa_circ_0020710
miR-188-5p,hsa_circ_0002928
miR-193b-5p,hsa_circ_0000977
miR-193b-5p,hsa_circ_0001461
miR-193b-5p,hsa_circ_0025033
miR-195-5p,hsa_circ_0010869
miR-196a-5p,hsa_circ_0006168
miR-196a-5p,hsa_circ_0010869
miR-1976,hsa_circ_0003204
miR-1976,hsa_circ_0009172
miR-199a-5p,hsa_circ_0001461
miR-199a-5p,hsa_circ_0020710
miR-199a-5p,hsa_circ_0032462
miR-199a-5p,hsa_circ_0034642
miR-199b-5p,hsa_circ_0004390
miR-19b-1-5p,hsa_circ_0071473
miR-19b-3p,hsa_circ_0000155
miR-200a-3p,hsa_circ_0003288
miR-200a-3p,hsa_circ_0020123
miR-20a-5p,hsa_circ_0082003
miR-20b-5p,hsa_circ_0082003
miR-22-3p,hsa_circ_0012673
miR-224-5p,hsa_circ_0001178
miR-23a-3p,hsa_circ_0001451
miR-23a-3p,hsa_circ_0086682
miR-320a,hsa_circ_0001461
miR-320a,hsa_circ_0012673
miR-320a,hsa_circ_0075686
miR-320a,hsa_circ_0082003
miR-320b,hsa_circ_0001461
miR-320b,hsa_circ_0012673
miR-320b,hsa_circ_0075686
miR-320b,hsa_circ_0082003
miR-324-5p,hsa_circ_0000527
miR-331-3p,hsa_circ_0062558
miR-335-5p,hsa_circ_0001387
miR-338-3p,hsa_circ_0000284
miR-338-3p,hsa_circ_0021592
miR-338-3p,hsa_circ_0021596
miR-370-3p,hsa_circ_0004339
miR-370-3p,hsa_circ_0010220
miR-377-3p,hsa_circ_0075686
miR-378a-3p,hsa_circ_0075686
miR-409-3p,hsa_circ_0081143
miR-409-5p,hsa_circ_0081143
miR-422a,hsa_circ_0078710
miR-422a,hsa_circ_0086682
miR-424-5p,hsa_circ_0001785
miR-424-5p,hsa_circ_0003855
miR-424-5p,hsa_circ_0007444
miR-424-5p,hsa_circ_0081143
miR-425-5p,hsa_circ_0010220
miR-4284,hsa_circ_0000328
miR-4284,hsa_circ_0025033
miR-4284,hsa_circ_0078710
miR-4324,hsa_circ_0000527
miR-4429,hsa_circ_0082003
miR-4472,hsa_circ_0003892
miR-449a,hsa_circ_0001944
miR-449a,hsa_circ_0010220
miR-4500,hsa_circ_0001725
miR-4500,hsa_circ_0010869
miR-4500,hsa_circ_0026344
miR-4521,hsa_circ_0009172
miR-4521,hsa_circ_0010869
miR-4521,hsa_circ_0075686
miR-4709-3p,hsa_circ_0085576
miR-483-3p,hsa_circ_0007059
miR-493-5p,hsa_circ_0034642
miR-493-5p,hsa_circ_0085576
miR-496,hsa_circ_0071473
miR-499a-5p,hsa_circ_0001626
miR-506-3p,hsa_circ_0010869
miR-532-3p,hsa_circ_0026344
miR-543,hsa_circ_0053958
miR-574-5p,hsa_circ_0062019
miR-582-5p,hsa_circ_0001451
miR-584-5p,hsa_circ_0000977
miR-603,hsa_circ_0026344
miR-603,hsa_circ_0031450
miR-616-3p,hsa_circ_0049658
miR-616-3p,hsa_circ_0053958
miR-629-3p,hsa_circ_0001627
miR-629-3p,hsa_circ_0004771
miR-630,hsa_circ_0075686
miR-632,hsa_circ_0006427
miR-638,hsa_circ_0006539
miR-653-5p,hsa_circ_0000782
miR-653-5p,hsa_circ_0003258
miR-653-5p,hsa_circ_0063526
miR-665,hsa_circ_0062022
miR-671-5p,hsa_circ_0010220
miR-671-5p,hsa_circ_0035483
miR-6785-5p,hsa_circ_0079593
miR-6838-5p,hsa_circ_0007444
miR-6868-5p,hsa_circ_0001721
miR-6868-5p,hsa_circ_0021245
miR-6868-5p,hsa_circ_0025033
miR-802,hsa_circ_0003855
miR-802,hsa_circ_0033546
miR-885-3p,hsa_circ_0020123
miR-885-3p,hsa_circ_0025033
miR-885-5p,hsa_circ_0001178
miR-93-5p,hsa_circ_0082003
miR-942-5p,hsa_circ_0053958
miR-105-3p,hsa_circ_0000527
miR-107,hsa_circ_0000977
miR-1225-5p,hsa_circ_0008717
miR-122-5p,hsa_circ_0000745
miR-122-5p,hsa_circ_0008234
miR-122-5p,hsa_circ_0034642
miR-124-3p,hsa_circ_0070269
miR-125a-3p,hsa_circ_0078710
miR-1272,hsa_circ_0001626
miR-1272,hsa_circ_0001627
miR-1272,hsa_circ_0007334
miR-1272,hsa_circ_0075686
miR-1276,hsa_circ_0014359
miR-128-3p,hsa_circ_0016068
miR-128-3p,hsa_circ_0086682
miR-129-5p,hsa_circ_0001627
miR-130a-3p,hsa_circ_0004798
miR-130b-3p,hsa_circ_0004798
miR-134-5p,hsa_circ_0005576
miR-134-5p,hsa_circ_0086682
miR-135b-5p,hsa_circ_0007694
miR-137,hsa_circ_0071473
miR-140-3p,hsa_circ_0000527
miR-143-3p,hsa_circ_0006156
miR-143-3p,hsa_circ_0075686
miR-146a-5p,hsa_circ_0000096
miR-146a-5p,hsa_circ_0075686
miR-149-3p,hsa_circ_0010220
miR-149-3p,hsa_circ_0025033
miR-150-3p,hsa_circ_0062019
miR-150-5p,hsa_circ_0004339
miR-152-3p,hsa_circ_0009143
miR-152-3p,hsa_circ_0085536
miR-152-3p,hsa_circ_0086682
miR-15a-5p,hsa_circ_0003855
miR-16-5p,hsa_circ_0001627
miR-181a-5p,hsa_circ_0026344
miR-181b-5p,hsa_circ_0053958
miR-182-5p,hsa_circ_0000267
miR-182-5p,hsa_circ_0063526
miR-192-5p,hsa_circ_0082003
miR-193b-5p,hsa_circ_0016068
miR-193b-5p,hsa_circ_0075686
miR-195-5p,hsa_circ_0001073
miR-1976,hsa_circ_0000527
miR-1976,hsa_circ_0034642
miR-1976,hsa_circ_0046423
miR-1976,hsa_circ_0058514
miR-1976,hsa_circ_0078710
miR-1976,hsa_circ_0086682
miR-1976,hsa_circ_0092303
miR-199b-5p,hsa_circ_0000284
miR-199b-5p,hsa_circ_0021592
miR-199b-5p,hsa_circ_0021596
miR-199b-5p,hsa_circ_0032462
miR-19b-1-5p,hsa_circ_0085576
miR-203a-3p,hsa_circ_0001461
miR-203a-3p,hsa_circ_0005576
miR-203a-3p,hsa_circ_0058514
miR-215-5p,hsa_circ_0082003
miR-21-5p,hsa_circ_0085576
miR-224-5p,hsa_circ_0000096
miR-224-5p,hsa_circ_0001461
miR-30a-3p,hsa_circ_0000711
miR-30a-3p,hsa_circ_0020123
miR-3127-5p,hsa_circ_0000267
miR-3127-5p,hsa_circ_0009143
miR-3127-5p,hsa_circ_0085536
miR-3194-3p,hsa_circ_0004339
miR-3194-3p,hsa_circ_0078710
miR-320a,hsa_circ_0000096
miR-320b,hsa_circ_0000096
miR-324-5p,hsa_circ_0001806
miR-32-5p,hsa_circ_0000527
miR-326,hsa_circ_0075686
miR-330-3p,hsa_circ_0007334
miR-330-3p,hsa_circ_0008717
miR-331-3p,hsa_circ_0062019
miR-340-5p,hsa_circ_0001451
miR-340-5p,hsa_circ_0016068
miR-362-3p,hsa_circ_0075686
miR-3650,hsa_circ_0000848
miR-370-3p,hsa_circ_0010496
miR-377-3p,hsa_circ_0072088
miR-378a-3p,hsa_circ_0003288
miR-378a-3p,hsa_circ_0003855
miR-378a-3p,hsa_circ_0081376
miR-384,hsa_circ_0075686
miR-409-3p,hsa_circ_0033546
miR-409-3p,hsa_circ_0046423
miR-421,hsa_circ_0001725
miR-421,hsa_circ_0003855
miR-422a,hsa_circ_0003855
miR-4324,hsa_circ_0000320
miR-4435,hsa_circ_0011385
miR-4435,hsa_circ_0075686
miR-4465,hsa_circ_0025033
miR-4465,hsa_circ_0025039
miR-449a,hsa_circ_0085576
miR-4500,hsa_circ_0000384
miR-4500,hsa_circ_0085576
miR-451b,hsa_circ_0000527
miR-451b,hsa_circ_0001725
miR-4709-3p,hsa_circ_0016068
miR-483-3p,hsa_circ_0002483
miR-483-3p,hsa_circ_0003892
miR-493-5p,hsa_circ_0000527
miR-493-5p,hsa_circ_0078710
miR-503-5p,hsa_circ_0046423
miR-520b,hsa_circ_0010220
miR-520c-3p,hsa_circ_0010220
miR-524-5p,hsa_circ_0004214
miR-532-3p,hsa_circ_0000092
miR-532-3p,hsa_circ_0016068
miR-532-3p,hsa_circ_0043469
miR-543,hsa_circ_0075686
miR-550a-3-5p,hsa_circ_0000284
miR-550a-3-5p,hsa_circ_0021592
miR-550a-3-5p,hsa_circ_0021596
miR-572,hsa_circ_0000527
miR-574-5p,hsa_circ_0060937
miR-581,hsa_circ_0000284
miR-581,hsa_circ_0021592
miR-581,hsa_circ_0021596
miR-581,hsa_circ_0075686
miR-582-5p,hsa_circ_0001627
miR-584-5p,hsa_circ_0003288
miR-6086,hsa_circ_0001944
miR-6086,hsa_circ_0020710
miR-6089,hsa_circ_0078710
miR-608,hsa_circ_0065243
miR-6165,hsa_circ_0001461
miR-628-5p,hsa_circ_0001725
miR-629-3p,hsa_circ_0035483
miR-636,hsa_circ_0032462
miR-636,hsa_circ_0085558
miR-653-5p,hsa_circ_0025033
miR-660-5p,hsa_circ_0000527
miR-660-5p,hsa_circ_0001387
miR-660-5p,hsa_circ_0068062
miR-665,hsa_circ_0000527
miR-665,hsa_circ_0075686
miR-665,hsa_circ_0086682
miR-671-5p,hsa_circ_0010869
miR-671-5p,hsa_circ_0053958
miR-6785-5p,hsa_circ_0010869
miR-6785-5p,hsa_circ_0020710
miR-6785-5p,hsa_circ_0025033
miR-6838-5p,hsa_circ_0001627
miR-6868-5p,hsa_circ_0000711
miR-6868-5p,hsa_circ_0001162
miR-6868-5p,hsa_circ_0005615
miR-6868-5p,hsa_circ_0010869
miR-6868-5p,hsa_circ_0087862
miR-6868-5p,hsa_circ_0091579
miR-802,hsa_circ_0031450
miR-875-5p,hsa_circ_0053958
miR-885-5p,hsa_circ_0075686
miR-92a-3p,hsa_circ_0010235
miR-92a-3p,hsa_circ_0031450
miR-940,hsa_circ_0034642
miR-942-5p,hsa_circ_0003855
miR-942-5p,hsa_circ_0009065
miR-9-5p,hsa_circ_0065243
miR-30a-3p,hsa_circ_0137008
miR-455-3p,hsa_circ_0130221
miR-149-3p,hsa_circ_0140388
miR-129-5p,hsa_circ_0139996
miR-1976,hsa_circ_0130221
miR-106b-5p,hsa_circ_0130221
miR-532-3p,hsa_circ_0128844
miR-603,hsa_circ_0130221
miR-425-5p,hsa_circ_0130221
miR-629-3p,hsa_circ_0130221
miR-17-5p,hsa_circ_0130221
miR-20a-5p,hsa_circ_0130221
miR-20b-5p,hsa_circ_0130221
miR-93-5p,hsa_circ_0130221
miR-196a-5p,hsa_circ_0130221
miR-378a-5p,hsa_circ_0130221
miR-3127-5p,hsa_circ_0128844
miR-182-5p,hsa_circ_0103552
miR-4465,hsa_circ_0140388
miR-135b-5p,hsa_circ_0128333
miR-149-3p,hsa_circ_0135889
miR-6086,hsa_circ_0103552
miR-1272,hsa_circ_0100129
miR-128-3p,hsa_circ_0139996
miR-152-3p,hsa_circ_0140388
miR-301a-3p,hsa_circ_0130221
miR-301b-3p,hsa_circ_0130221
miR-3194-3p,hsa_circ_0136666
miR-374a-5p,hsa_circ_0100129
miR-6838-5p,hsa_circ_0139996
miR-139-5p,hsa_circ_0130221
miR-143-3p,hsa_circ_0130221
miR-130a-3p,hsa_circ_0130221
miR-320a,hsa_circ_0139402
miR-320b,hsa_circ_0139402
miR-3650,hsa_circ_0135889
miR-4429,hsa_circ_0139402
miR-451b,hsa_circ_0127801
miR-1254,hsa_circ_0128844
miR-128-3p,hsa_circ_0136666
miR-1976,hsa_circ_0127801
miR-3677-5p,hsa_circ_0125427
miR-608,hsa_circ_0130221
miR-942-5p,hsa_circ_0125427
miR-9-5p,hsa_circ_0100129
miR-135b-5p,hsa_circ_0140388
miR-145-5p,hsa_circ_0100129
miR-148b-3p,hsa_circ_0140388
miR-1827,hsa_circ_0103552
miR-196a-5p,hsa_circ_0093398
miR-4472,hsa_circ_0139402
miR-449a,hsa_circ_0140388
miR-485-5p,hsa_circ_0127801
miR-6785-5p,hsa_circ_0140388
miR-181b-5p,hsa_circ_0136666
miR-19b-1-5p,hsa_circ_0130221
miR-224-5p,hsa_circ_0137008
miR-30a-3p,hsa_circ_0103552
miR-6868-5p,hsa_circ_0130221
miR-802,hsa_circ_0103552
miR-124-3p,hsa_circ_0130221
miR-130b-3p,hsa_circ_0130221
miR-1827,hsa_circ_0139402
miR-3194-3p,hsa_circ_0139996
miR-326,hsa_circ_0139402
miR-451b,hsa_circ_0093398
miR-485-5p,hsa_circ_0139402
miR-125a-3p,hsa_circ_0135889
miR-1272,hsa_circ_0093398
miR-129-5p,hsa_circ_0128844
miR-1297,hsa_circ_0140388
miR-21-3p,hsa_circ_0100129
miR-4284,hsa_circ_0130221
miR-4709-3p,hsa_circ_0125427
miR-615-3p,hsa_circ_0139996
miR-6838-5p,hsa_circ_0137008
miR-1272,hsa_circ_0140388
miR-132-3p,hsa_circ_0130221
miR-135b-5p,hsa_circ_0130221
miR-143-3p,hsa_circ_0127801
miR-19b-3p,hsa_circ_0093398
miR-377-3p,hsa_circ_0128844
miR-424-5p,hsa_circ_0137008
miR-632,hsa_circ_0130221
miR-942-5p,hsa_circ_0136666
