mirna,cancer_ADCA,cancer_BTCA,cancer_BLCA,cancer_BNCA,cancer_BRCA,cancer_CECA,cancer_CHOR,cancer_COAD,cancer_CLCA,cancer_ENCA,cancer_ESCA,cancer_GBCA,cancer_GSCA,cancer_GAST,cancer_HNSC,cancer_HEGI,cancer_LIHC,cancer_KDCA,cancer_LNCA,cancer_LEUK,cancer_LICA,cancer_LUCA,cancer_LYMP,cancer_MELA,cancer_MESO,cancer_NSCA,cancer_NDCA,cancer_OSCA,cancer_OPSC,cancer_OVCA,cancer_PNCA,cancer_PRCA,cancer_RETI,cancer_SCRA,cancer_SKCA,cancer_SINT,cancer_TECA,cancer_THCA,cancer_TOCA,cancer_UTCA,normal_ADCA,normal_BTCA,normal_BLCA,normal_BNCA,normal_BRCA,normal_CECA,normal_CHOR,normal_COAD,normal_CLCA,normal_ENCA,normal_ESCA,normal_GBCA,normal_GSCA,normal_GAST,normal_HNSC,normal_HEGI,normal_LIHC,normal_KDCA,normal_LNCA,normal_LEUK,normal_LICA,normal_LUCA,normal_LYMP,normal_MELA,normal_MESO,normal_NSCA,normal_NDCA,normal_OSCA,normal_OPSC,normal_OVCA,normal_PNCA,normal_PRCA,normal_RETI,normal_SCRA,normal_SKCA,normal_SINT,normal_TECA,normal_THCA,normal_TOCA,normal_UTCA
miR-491-5p,0,0,0,-1,-2,0,0,-1,-3,0,-1,0,-2,0,-1,0,-1,0,0,-1,0,-1,0,0,0,-1,0,0,0,0,-1,0,0,0,0,0,0,0,0,0,0,1,0,0,0,0,0,5,0,0,0,1,0,0,2,0,0,1,0,0,0,3,0,0,0,2,0,0,0,0,3,1,0,0,0,2,0,0,0,0
miR-1976,0,0,0,0,0,0,0,-2,-1,0,0,0,-1,0,0,0,-1,0,0,-1,0,-2,0,0,0,-1,0,0,0,0,-1,0,0,-1,0,0,0,-1,0,0,0,1,1,0,0,1,0,0,1,1,0,0,1,0,1,0,0,2,0,0,0,1,0,0,0,1,0,0,0,0,0,1,0,0,0,0,0,0,0,0
miR-6868-5p,0,0,0,0,0,0,0,0,0,0,0,0,0,0,0,0,0,0,0,0,0,0,0,0,0,0,0,0,0,0,0,0,0,0,0,0,0,0,0,0,0,0,0,0,0,0,0,0,0,0,0,0,0,0,0,0,1,0,0,0,0,0,0,0,0,0,0,0,0,0,0,0,0,0,0,0,0,0,0,0
miR-377-3p,0,-1,0,-4,-10,0,0,-4,-3,-1,-2,-1,0,0,-1,0,-3,-1,-1,-1,0,0,-1,0,0,0,0,-1,0,-1,-6,-2,0,0,0,0,0,0,0,0,0,0,0,1,5,0,0,1,1,0,1,0,1,0,0,0,1,0,0,0,0,3,0,0,0,1,0,0,0,1,0,0,0,1,0,0,0,1,0,0
miR-128-3p,-1,0,0,-9,-2,0,0,0,-4,0,-1,-1,-1,0,-1,0,0,0,0,0,0,-2,-2,0,0,0,0,-2,0,0,0,-6,0,0,0,0,0,0,-1,-2,0,0,0,0,20,0,0,0,1,1,2,0,1,0,0,0,5,4,0,1,0,12,2,0,0,0,0,0,0,2,5,1,0,1,0,2,0,0,0,0
miR-145-5p,-1,-1,-3,-2,-27,-1,0,-7,-19,-1,-3,-1,-4,0,-3,0,-10,-11,0,-4,0,-17,-3,0,0,-2,0,-1,-1,-3,-4,-9,0,-3,-1,0,0,-2,0,-1,0,0,0,0,2,0,1,1,0,0,3,0,1,0,0,0,0,0,0,0,0,0,1,0,0,0,0,0,0,1,2,0,0,0,0,0,0,0,0,1
miR-195-5p,0,-1,-4,-1,-20,-2,0,-10,-16,-1,-3,-1,-3,0,-3,0,-9,-6,0,-1,0,-18,-5,-2,0,-1,0,-2,-1,-3,-5,-1,0,-2,-1,-1,0,-3,0,-1,0,0,0,4,5,0,1,2,1,0,1,0,2,0,0,0,0,2,0,1,0,1,0,0,0,1,0,0,0,1,0,1,0,0,0,0,0,0,0,1
miR-132-3p,0,-1,-3,-6,-17,-1,0,-3,-3,-1,0,-1,-1,0,0,0,-2,-1,0,-2,0,-1,-8,-2,0,-1,0,0,0,-1,-2,-2,0,0,0,0,0,0,0,-1,0,2,0,0,0,0,1,0,0,0,2,0,2,0,1,0,1,2,0,1,0,3,0,1,1,0,0,1,0,0,2,2,0,2,0,2,0,2,0,0
miR-140-5p,0,-1,-2,-2,-9,-1,0,-8,-7,-1,-3,-1,-2,0,-3,0,-1,-2,-1,-5,0,-14,-3,0,0,-3,0,-1,-1,-4,-2,-1,0,-1,0,-1,0,-2,0,-1,1,0,0,1,6,0,0,1,1,0,1,0,3,0,0,0,2,2,0,0,0,0,2,0,0,0,0,0,0,0,5,3,0,0,0,1,0,0,1,0
miR-139-5p,0,-2,-3,-5,-26,-1,0,-9,-16,-1,-4,-1,-4,0,-3,0,-12,-9,-1,0,0,-20,-3,-1,-1,0,-2,-1,0,-2,-1,-5,0,-1,0,0,0,-3,0,-1,0,0,0,0,3,0,0,1,0,0,1,0,1,0,0,0,0,0,0,1,0,0,7,0,0,0,0,0,0,1,2,1,0,0,0,2,0,0,0,0
miR-143-3p,-2,-1,-3,-2,-21,-1,0,-4,-14,-1,-3,-1,-3,0,-4,0,-5,-8,-1,-3,0,-19,-11,0,0,-3,0,-1,-1,-2,-2,-6,0,-3,0,0,0,-2,0,0,0,1,0,1,6,0,1,2,1,0,4,0,1,0,0,0,0,2,0,0,0,0,1,0,0,0,0,0,0,2,4,0,0,0,0,0,0,0,1,1
miR-424-5p,0,-2,-2,-1,-9,0,0,-2,0,-1,0,-1,0,0,0,0,-10,-4,0,-1,0,0,-8,0,0,0,-2,0,0,-5,-4,-2,0,-1,0,0,0,-1,-1,0,1,0,0,4,11,0,0,5,6,0,3,0,2,0,4,0,0,0,0,1,0,5,2,1,0,0,0,2,0,0,1,0,0,0,0,0,0,1,0,0
miR-92a-3p,-1,0,0,0,-12,0,0,-2,-1,0,-1,-1,0,0,0,0,0,-2,0,-1,0,0,-3,0,0,-1,0,0,0,-2,0,-2,0,-1,0,-3,0,-2,-1,0,0,0,1,3,1,4,0,5,10,1,2,0,3,0,1,0,3,5,1,1,0,11,10,0,0,0,0,1,0,1,3,6,0,1,0,0,0,0,0,0
miR-23a-3p,0,0,0,-1,-4,-1,0,-2,0,0,-2,-1,-1,0,0,0,-1,-2,0,-3,0,-4,-2,-1,0,-1,0,0,0,-1,0,-3,0,0,0,0,0,0,0,0,0,2,0,5,2,0,1,5,5,1,2,0,3,0,2,0,1,5,0,0,1,4,1,0,0,1,0,0,0,2,7,1,0,0,0,0,0,0,1,1
miR-590-5p,0,0,0,0,-1,0,0,-2,0,0,0,-1,0,0,0,0,-1,0,-1,0,0,0,-2,0,0,-1,0,0,0,-1,-4,-1,0,0,0,-1,0,0,0,0,0,0,1,2,19,1,0,1,2,1,2,0,5,0,1,0,1,4,0,0,0,5,0,0,0,0,0,1,0,0,1,3,0,1,0,0,0,2,0,0
miR-135b-5p,0,0,0,-2,0,0,0,-1,-1,0,-1,0,0,0,0,0,-3,-2,0,0,0,-5,-1,0,0,-1,0,0,0,-2,0,-1,0,0,0,-1,0,0,0,0,1,2,4,1,10,2,0,6,11,2,3,0,6,0,2,0,1,1,0,1,1,10,8,0,1,1,0,2,0,3,9,0,0,0,1,0,0,2,1,0
miR-628-5p,0,0,-2,-1,0,0,0,0,-3,0,-2,-1,-1,0,-1,0,-1,0,0,0,0,-2,-2,0,0,-1,0,-1,0,0,-3,-1,0,0,0,0,0,0,0,0,0,0,0,0,5,0,0,1,2,1,0,0,0,0,0,0,0,2,0,0,0,3,0,0,0,0,0,0,0,0,0,0,0,0,0,2,0,0,0,0
miR-370-3p,0,-1,-2,-4,-17,-2,0,-4,-2,-1,-1,0,-1,0,-1,0,-3,-3,0,-1,0,-3,0,0,0,0,0,-1,0,-2,-1,-2,0,-1,0,0,0,-1,0,0,0,0,0,0,2,0,0,0,2,0,1,1,0,0,0,0,2,0,0,0,0,3,3,0,0,1,0,0,0,0,1,2,0,1,0,0,0,0,0,0
miR-10a-5p,0,-1,0,0,-8,0,0,-1,-1,0,-2,-1,0,0,0,0,-9,-4,0,-1,0,-3,-4,0,0,-2,0,0,0,-1,0,-3,0,-1,0,-2,0,-3,0,0,0,1,0,1,4,1,0,1,5,0,0,0,3,0,0,0,0,2,0,1,0,1,2,0,0,0,0,0,0,1,6,3,0,1,0,0,0,2,0,1
miR-196a-5p,0,0,-1,-1,0,0,0,-3,-2,0,0,0,-1,0,0,0,0,-1,0,0,0,0,-2,0,0,0,0,0,0,0,0,-2,0,0,0,0,0,-1,0,0,1,1,0,1,18,1,0,1,1,0,4,1,5,0,2,0,2,1,0,0,0,9,2,1,0,0,1,1,0,0,6,0,0,1,0,1,0,1,1,0
miR-203a-3p,0,0,0,-5,-2,-2,0,-2,0,0,-4,0,0,0,0,0,-7,-5,0,0,0,-4,-3,-2,0,-2,0,0,0,-2,0,0,0,0,0,-3,0,-2,0,-1,0,0,3,0,24,1,0,6,7,2,0,0,2,0,0,0,0,0,0,0,0,7,1,0,0,0,0,0,0,3,7,3,0,1,0,0,0,0,1,0
miR-22-3p,0,-2,-1,-1,-2,0,0,-1,-4,0,-1,-1,-2,0,0,0,-9,-3,0,-4,0,-5,-5,-1,0,-2,0,0,0,-1,0,-5,0,-1,0,-1,0,-1,0,0,1,0,0,2,13,0,0,2,1,0,1,0,3,0,2,0,0,2,0,0,0,2,0,1,0,0,0,1,0,2,1,0,0,0,0,0,0,0,0,1
miR-193a-3p,0,-1,0,-3,0,0,0,0,-5,-1,-2,-1,-2,0,0,-1,-2,-1,0,-1,0,-7,-1,0,0,0,0,0,0,-3,-4,-3,0,0,0,0,0,-3,0,-1,1,0,0,6,19,0,0,5,2,0,1,0,1,0,0,0,2,4,0,2,0,0,1,0,0,1,0,0,0,1,1,0,0,1,0,3,0,0,1,0
miR-301a-3p,0,0,0,0,-1,0,0,0,-4,0,0,-1,-1,0,0,0,0,-1,0,0,0,0,-2,0,-1,0,0,0,0,-1,0,-1,0,-2,0,0,0,0,0,0,1,2,1,3,24,2,0,5,3,1,2,0,4,0,4,0,6,5,0,3,0,9,2,1,0,0,0,1,0,2,5,2,0,2,0,4,0,2,1,1
miR-340-5p,0,-2,-1,-2,-1,0,0,0,-4,0,-2,-1,0,0,-1,0,-2,0,0,0,0,-3,-3,0,0,-1,0,0,0,0,-1,0,0,-1,0,0,0,0,0,-1,1,0,0,1,27,0,0,2,1,0,0,0,0,0,1,0,1,4,0,0,0,3,1,1,0,0,0,0,0,1,1,2,0,0,0,2,0,0,1,0
miR-425-5p,0,-1,0,-1,-2,0,0,0,0,0,-2,-1,0,0,0,0,0,0,0,-1,0,-1,-3,0,0,-1,0,0,0,0,0,0,0,0,0,0,0,-1,0,0,0,0,3,0,25,3,0,2,5,1,1,0,5,0,2,0,6,7,0,2,0,11,0,1,0,0,0,0,0,6,11,7,0,0,0,0,0,0,0,0
miR-20a-5p,0,-1,0,-3,-1,0,0,-2,0,0,0,-1,0,0,0,0,0,0,0,-1,0,-1,-2,0,0,-1,0,0,0,-1,0,-1,0,-1,0,-1,0,-2,0,-1,1,0,2,4,18,1,1,8,13,0,3,0,3,0,1,0,4,9,0,5,0,7,8,0,0,0,0,1,0,2,4,6,0,1,0,0,0,0,0,0
miR-210-3p,0,0,0,-1,-3,-1,0,-1,-4,0,-2,-1,0,0,0,-1,0,0,0,0,0,0,0,0,0,0,0,0,0,0,0,0,0,0,0,0,0,-1,0,-1,1,1,3,2,28,1,0,6,5,1,1,0,1,0,2,0,3,13,0,2,1,22,7,0,1,0,0,1,1,4,9,3,0,1,0,0,0,0,0,0
miR-503-5p,0,0,0,-2,-3,0,0,-1,0,-1,0,0,0,0,0,0,-3,-2,0,0,0,0,0,0,0,0,-2,0,0,-2,-1,-2,0,-1,0,0,0,-1,0,0,1,0,1,2,10,0,0,9,8,0,3,0,5,0,4,0,1,2,0,1,0,6,1,0,0,2,0,1,0,0,1,1,0,2,0,0,0,2,1,0
miR-520c-3p,0,0,0,-1,-9,0,0,0,-1,0,-1,0,0,0,0,0,0,0,0,0,0,-2,0,0,0,0,0,0,0,-1,-2,0,0,0,0,-1,0,-1,0,0,0,0,1,0,1,0,0,0,1,0,0,1,0,0,1,1,2,0,0,0,0,0,0,0,0,0,0,0,0,0,0,0,0,0,0,0,0,0,0,0
miR-9-5p,0,-1,0,-2,-4,0,0,-5,-5,0,0,-1,-1,0,0,0,0,-3,0,0,0,-4,-3,0,0,0,0,-1,0,0,-2,0,0,0,0,-1,0,-1,0,0,0,1,0,3,9,0,0,0,0,2,1,0,0,0,1,0,3,0,0,1,0,13,10,1,0,0,0,0,1,0,1,2,0,1,0,0,0,2,0,0
miR-335-5p,-2,-1,0,-1,-25,0,0,0,-1,-1,0,-1,0,0,-1,0,-5,-8,-1,-2,0,-7,-8,0,0,-1,0,0,0,-1,-4,0,0,-2,0,0,0,0,0,0,0,0,2,3,7,0,0,5,1,0,2,0,1,0,0,0,0,2,0,1,0,2,0,0,0,0,0,0,0,2,0,3,0,0,0,2,0,1,0,0
miR-224-5p,0,-1,0,-2,-13,0,0,-1,-1,0,-2,-1,0,0,0,0,-1,0,0,0,0,-1,-2,-2,0,0,0,0,0,0,0,-8,0,-1,0,-1,0,0,0,0,0,0,2,0,1,2,0,7,15,0,2,0,2,0,2,0,15,10,0,0,1,12,1,0,0,0,0,1,0,2,3,1,0,1,0,0,0,1,0,0
miR-144-3p,0,-2,-2,0,-8,0,0,0,-3,0,-1,-1,-3,0,-1,0,-5,-2,0,0,-2,-15,-4,0,-1,-1,0,0,0,-1,-6,-5,0,-3,0,-1,0,-5,0,-1,0,0,0,2,6,0,0,2,2,0,0,0,0,0,0,0,1,2,1,0,0,0,1,0,0,0,0,0,0,0,0,0,0,0,0,0,0,0,0,0
miR-122-5p,0,-1,0,-3,-10,0,0,0,-1,0,-1,-1,0,0,-1,0,-6,0,0,0,-3,-4,-3,0,-1,-1,0,-1,0,0,-1,-1,0,-1,0,0,0,-1,0,0,0,0,0,0,8,0,0,0,1,0,0,0,1,0,0,0,0,7,0,0,0,0,1,0,0,1,0,0,0,0,2,1,0,0,0,1,0,0,0,1
miR-374a-5p,-1,-1,-1,-1,-4,0,0,-1,-1,-1,-1,-1,-2,0,-1,0,0,0,0,-2,0,-3,-7,0,0,-2,0,0,0,-1,-1,-2,0,-1,0,0,0,-1,0,0,0,0,0,4,17,0,0,6,2,0,1,0,1,0,0,0,2,4,0,0,0,1,1,0,0,0,0,1,0,0,2,2,0,2,0,1,0,0,0,0
miR-378a-3p,0,-2,-1,-1,-22,-2,0,-7,-17,-1,-5,0,-4,0,-2,0,-14,-9,0,-1,-3,-5,-2,-2,0,0,0,-2,0,-2,0,-4,0,-1,0,-4,0,0,-1,0,0,0,0,1,1,0,0,1,0,0,1,0,0,0,0,0,0,0,0,2,0,4,3,0,0,0,0,0,1,3,5,0,0,0,0,0,0,1,0,0
miR-125b-5p,-1,-2,-4,-1,-26,-3,0,-3,-8,-1,-4,-1,-2,0,-3,0,-12,-4,0,-1,0,-7,-1,-2,0,-2,0,-1,0,-4,-3,-3,-1,0,0,0,0,0,0,0,0,0,0,2,3,0,1,1,0,0,0,0,1,0,0,0,0,0,0,1,0,0,5,0,0,0,0,0,0,1,5,0,0,1,0,1,0,0,1,0
miR-432-5p,0,0,-3,-5,-17,-1,0,-4,-1,-1,-2,-1,-2,0,-2,0,-1,-5,0,-2,0,-3,0,0,0,0,0,-1,0,-1,0,-1,0,0,0,0,0,-1,-1,0,1,2,0,0,1,0,0,0,0,0,1,0,1,0,0,0,5,1,0,4,0,2,1,0,0,1,0,0,0,0,1,0,0,1,0,0,0,1,0,0
miR-30b-5p,0,-1,-1,0,-8,-1,0,-1,-4,-1,-5,-1,-2,0,-2,0,-2,-5,0,-2,0,-13,-2,0,0,-3,0,-1,0,-1,-7,-1,0,0,0,0,0,-1,0,0,0,0,0,1,2,0,0,4,1,0,0,0,0,0,0,0,1,1,0,0,0,1,4,0,0,0,0,0,0,2,0,4,0,0,0,0,0,0,1,0
miR-183-5p,0,0,0,-1,-3,0,0,-3,0,0,-1,0,-1,0,0,0,0,-1,0,0,0,-1,-1,-1,0,0,0,0,0,0,-1,0,0,-1,0,0,0,0,0,0,1,2,3,0,29,2,0,8,14,2,3,0,2,0,2,0,8,5,0,1,1,18,0,0,0,1,0,2,0,5,6,9,0,1,0,2,0,4,0,1
miR-4324,0,0,0,0,-2,0,0,0,-1,0,-1,-1,0,0,-1,0,-2,0,-1,0,0,0,-1,0,0,0,0,0,0,-4,0,0,0,0,0,0,0,-1,0,0,0,0,0,0,0,0,0,0,0,0,0,0,1,0,0,0,0,0,0,0,0,0,0,0,0,0,0,0,0,0,1,0,0,0,0,0,0,0,0,0
miR-141-3p,0,-1,-1,-1,-3,0,0,0,-4,0,0,0,-1,0,0,0,-3,-8,0,0,0,-1,-9,-2,0,-1,0,0,0,-1,-5,0,0,-1,0,-1,0,0,0,-1,1,1,3,0,23,2,0,3,3,2,1,0,2,0,2,0,1,1,0,0,0,14,0,0,0,1,0,0,0,7,1,6,0,0,0,0,0,2,0,0
miR-200a-3p,0,-1,-1,-2,-2,0,0,0,-2,0,0,-1,0,0,0,0,-8,-9,0,0,0,-2,-1,-1,0,-2,0,0,0,-1,-3,0,0,0,0,0,0,0,0,-1,1,2,3,0,24,2,0,3,4,2,2,0,2,0,1,0,2,0,0,2,1,17,8,0,1,0,0,0,1,6,4,2,0,0,0,2,0,2,0,1
miR-130a-3p,0,-1,-2,-1,-24,0,0,-1,-7,-1,0,-1,-3,0,0,0,-10,-5,0,-1,0,-9,-10,0,0,-2,-1,0,0,-2,-3,-6,0,0,0,0,0,-3,-1,-1,0,0,0,5,0,0,0,2,1,0,1,0,1,0,2,0,0,1,0,4,0,1,0,0,0,0,0,1,0,0,0,1,0,1,0,0,0,0,0,0
miR-155-5p,0,0,0,0,0,0,0,-5,-1,0,0,0,-1,0,-1,0,-2,-1,0,-1,0,0,-5,0,0,-1,0,0,-1,0,0,-2,0,0,0,-1,0,-1,-1,0,1,0,0,7,25,0,0,1,2,2,3,1,2,0,2,0,2,8,0,2,2,4,3,1,1,0,0,3,0,1,5,1,0,2,0,0,0,0,0,0
miR-21-5p,0,0,0,0,-2,0,0,-1,0,0,-1,0,0,0,0,0,0,-1,0,-2,0,0,-1,0,0,-1,0,0,0,0,0,-1,0,0,0,-1,0,0,-1,0,2,1,3,9,22,4,0,8,16,1,7,0,7,0,6,0,8,8,0,1,3,20,7,1,0,1,0,3,0,1,6,4,0,1,0,0,0,6,0,1
miR-885-5p,0,-2,0,-1,-1,0,0,0,-4,0,0,0,-1,0,-1,0,-4,0,0,0,-3,-3,0,0,0,0,0,-1,0,0,0,-1,0,0,0,0,0,-1,0,0,0,1,0,0,0,0,0,0,2,0,0,0,0,0,0,0,0,3,0,0,0,2,0,0,0,1,0,0,0,2,3,1,0,0,0,1,0,0,0,0
miR-25-3p,0,0,0,-2,-2,0,0,-1,0,0,-1,-1,0,0,0,0,0,0,0,0,0,-1,-2,0,0,-1,0,0,0,-1,0,0,0,0,0,-2,0,-2,-1,0,1,1,1,6,15,3,0,7,8,1,3,0,6,0,2,0,10,10,1,2,0,10,8,0,0,0,0,1,0,1,5,11,0,0,0,0,0,0,0,1
miR-150-5p,0,-1,-1,-2,-8,0,0,-8,-8,0,-1,-1,0,0,-2,0,-6,-2,0,-6,0,-9,-12,0,0,-1,0,0,-1,-1,-3,-2,0,-1,0,-3,0,-2,0,-1,0,1,0,0,4,0,0,0,1,0,1,0,0,0,0,0,1,2,0,0,0,0,0,0,0,0,0,1,0,1,3,4,0,0,0,0,0,0,0,0
miR-221-3p,0,0,-1,-1,-11,-1,0,-2,0,-1,-2,-1,0,0,0,-1,0,0,0,-2,0,-5,-8,0,0,-1,0,0,0,-1,0,-13,0,0,0,-2,0,0,0,0,0,2,0,2,3,0,1,4,5,0,1,0,4,0,3,0,15,4,0,1,3,3,0,0,0,0,0,1,1,3,7,0,0,1,0,0,0,5,0,1
miR-18a-5p,0,0,0,-4,0,0,0,-1,0,0,-1,-1,0,0,0,0,0,0,0,0,0,0,-2,0,0,-1,0,0,0,-2,0,0,0,-1,0,-2,0,-2,-1,-1,1,0,1,3,23,4,0,8,12,1,4,0,5,0,5,0,8,10,0,3,0,9,8,1,0,2,0,2,0,4,6,6,0,1,0,0,0,0,0,0
miR-885-3p,0,-1,0,-2,0,0,-1,0,-1,0,0,0,-1,0,-1,0,-2,0,0,0,0,-1,-2,0,-1,0,0,0,0,0,-1,-1,0,-1,0,0,0,0,0,0,0,0,0,0,7,0,0,0,0,0,0,1,0,0,0,0,0,3,0,0,0,1,0,0,0,2,0,0,0,0,0,0,0,0,0,0,0,0,0,0
miR-124-3p,0,0,-1,-5,0,0,0,-3,-9,0,0,0,0,0,0,0,0,-2,0,0,0,-2,-1,0,0,0,0,0,0,0,0,0,0,-1,0,-1,0,0,0,0,0,0,0,1,8,0,0,0,1,0,1,1,0,0,0,0,0,0,0,0,0,2,0,0,0,0,0,2,0,0,0,0,0,0,0,0,0,2,0,0
miR-130b-3p,0,-1,0,-1,0,0,0,-1,0,0,-1,0,0,0,0,0,-1,0,0,0,0,-1,-5,0,0,0,0,0,0,-2,-9,0,0,0,0,0,0,-1,0,-1,0,0,3,4,27,3,0,7,9,1,4,0,2,0,6,0,8,8,0,4,0,16,2,2,0,0,0,2,1,6,0,8,0,2,0,1,0,0,0,0
miR-146a-5p,-1,-1,0,0,-1,0,0,-2,0,0,0,-1,0,0,-1,0,-6,-1,0,-3,0,-1,-6,0,0,-3,0,0,-1,-2,0,-1,0,0,0,-2,0,-2,-1,0,1,0,0,4,20,2,0,2,2,1,3,0,1,0,1,0,0,5,0,1,0,7,3,0,0,0,0,0,0,0,5,2,0,0,0,0,0,0,0,1
miR-375,-1,0,0,-3,-2,-1,0,-6,-8,0,-2,0,-4,0,-7,0,-9,-1,0,-1,0,-6,-1,0,0,-1,0,-2,0,-1,-10,0,0,0,0,0,0,0,0,0,1,0,0,0,11,0,0,0,1,1,1,0,1,0,0,0,0,0,0,0,0,5,1,0,0,0,1,0,0,1,0,8,0,1,0,3,0,4,1,0
miR-182-5p,0,0,0,-2,-3,0,0,-3,0,0,-1,0,0,0,0,0,0,-1,0,-1,0,0,-4,-1,0,0,0,0,0,0,-2,0,0,-1,0,0,0,0,0,-1,1,2,3,1,27,1,0,8,12,1,2,0,2,0,2,0,11,6,0,1,0,18,0,0,0,0,0,0,0,3,6,9,0,1,0,4,0,4,0,0
miR-381-3p,-1,-1,-3,-3,-23,-2,0,-6,-8,-1,-4,-1,-3,0,-1,0,-2,-3,0,0,0,-6,0,0,0,0,0,-1,0,-2,-7,-3,0,0,0,-1,0,-1,-1,-1,0,0,0,1,0,0,0,0,1,0,1,0,0,0,0,0,4,1,0,0,0,4,1,0,0,0,0,0,0,1,0,0,0,1,0,0,0,1,0,0
miR-20b-5p,-2,-1,-1,-1,0,0,0,-5,-6,0,-2,-1,-2,0,0,0,0,-4,0,-1,0,-1,-3,0,-1,-1,0,-1,0,-1,0,0,0,-3,0,-1,0,-4,0,0,0,0,1,7,17,3,0,3,4,1,2,0,2,0,0,0,2,5,0,2,0,9,1,2,0,0,0,0,0,1,6,7,0,1,0,0,0,0,0,0
miR-365a-3p,0,-2,-2,0,-3,-2,0,-4,-7,0,-4,-1,-1,0,0,0,-1,-1,0,0,0,-5,-1,0,0,-2,-2,0,0,-1,-3,-1,0,-1,0,0,0,-1,0,0,0,0,0,0,0,0,0,0,0,0,0,0,1,0,0,0,3,5,0,0,0,2,3,0,0,1,0,1,0,1,0,0,0,0,0,2,0,0,0,0
miR-125a-3p,-1,0,0,-2,-16,0,0,-1,-3,0,0,0,-4,0,0,0,-3,-2,0,0,0,-5,0,0,0,0,0,0,0,-1,0,-1,0,-1,0,-1,0,0,0,0,0,1,0,1,1,0,0,0,3,0,1,1,0,0,0,0,0,0,0,0,0,0,2,0,0,1,0,0,0,1,1,1,0,1,0,0,0,1,0,0
miR-133b,0,0,-3,-1,-16,-1,0,-2,-14,-1,-4,-1,-4,0,-1,0,-5,-3,0,-1,0,-16,-1,0,-1,0,0,-1,0,-1,-3,-6,0,-3,0,-2,0,-2,0,0,0,0,0,0,2,0,0,4,0,0,2,0,1,0,0,0,0,1,0,0,0,0,2,0,0,0,0,0,0,0,2,0,0,0,0,0,0,0,0,0
miR-802,0,-1,0,0,0,0,0,0,0,0,0,0,0,0,0,0,0,0,0,-2,0,0,0,0,0,0,0,0,0,-1,-1,-2,0,0,0,-1,0,0,0,0,0,0,0,0,8,0,0,2,0,0,0,0,0,0,0,0,0,0,0,0,0,1,0,0,0,0,0,1,0,1,0,0,0,0,0,0,0,0,0,0
miR-107,0,0,0,-2,-1,0,0,-1,-2,0,0,-1,0,0,-1,0,0,0,0,-3,-1,-3,-4,0,-1,0,0,-1,0,0,-1,-2,0,-1,0,0,0,-1,0,0,2,0,1,0,23,1,1,1,3,1,1,0,3,0,0,0,6,1,0,1,0,8,4,2,0,1,0,0,0,4,8,2,0,2,0,2,0,0,0,0
miR-32-5p,0,-2,0,0,-1,0,0,0,-1,0,-2,-1,0,0,-1,0,-1,0,0,0,0,-2,-2,0,0,-1,-2,0,0,0,-2,-1,0,-1,0,0,0,-1,0,-1,1,0,1,1,23,1,0,5,4,1,1,0,1,0,1,0,3,2,0,1,0,2,1,0,0,0,0,2,0,0,1,9,0,1,0,1,0,0,1,0
miR-524-5p,0,0,0,0,0,0,0,-2,0,0,0,0,0,0,0,0,0,0,0,0,0,-2,0,0,0,0,0,0,0,0,-1,0,0,0,0,0,0,0,0,0,0,0,1,1,0,0,0,0,1,0,0,0,0,0,0,1,1,0,0,0,0,1,0,0,0,0,0,0,0,0,1,0,0,1,0,0,0,0,0,0
miR-1-3p,-1,-1,-4,-2,-18,-1,0,-6,-17,-1,-3,-1,-2,0,-2,0,-4,-3,0,-1,0,-15,-9,0,-1,0,0,-1,0,-1,-2,-5,0,-3,0,-1,0,-2,0,-1,0,0,0,0,2,0,0,2,1,0,0,0,1,0,0,0,1,0,0,0,0,0,0,0,0,0,0,0,0,0,1,1,0,0,0,0,0,0,0,0
miR-206,0,0,-1,-3,-7,0,0,-3,0,0,-1,0,-1,0,-1,0,-2,-6,0,-1,0,-7,-5,0,-1,0,0,-1,0,0,0,-5,0,-2,0,-1,0,-1,0,0,0,1,1,1,6,0,0,1,2,0,1,1,0,0,0,0,2,1,0,0,0,1,0,0,0,1,0,0,0,0,3,0,0,0,0,0,0,0,0,0
miR-320a,0,0,-2,-2,-21,-1,0,-3,-7,-1,-2,-1,-1,0,-1,0,0,0,0,-1,0,-4,-2,0,0,0,0,0,0,-1,0,-5,0,0,0,0,0,-2,0,0,0,3,0,3,0,0,0,1,0,0,1,0,1,0,1,0,2,5,0,2,0,2,2,0,0,3,0,0,1,2,2,2,0,1,0,2,0,0,0,1
miR-30a-3p,-1,0,-3,0,-20,0,0,-7,-13,0,-4,-1,-2,0,-2,0,-8,-6,-1,-1,0,-16,-2,0,0,0,0,-1,0,0,-9,-4,0,-1,0,-1,0,-4,0,0,0,0,0,0,0,0,0,1,0,0,1,0,0,0,0,0,0,0,0,0,0,0,1,0,0,1,0,0,0,1,0,0,0,0,0,0,0,0,0,0
miR-93-5p,0,0,0,-2,-4,0,0,-1,0,0,-1,-1,-1,0,0,0,0,0,0,-1,0,0,-2,0,0,0,0,0,0,0,0,0,0,0,0,-2,0,-1,-1,0,1,1,3,5,23,4,1,8,10,1,4,0,6,0,2,0,15,12,1,4,0,15,9,1,0,1,0,1,0,4,8,14,0,1,0,0,0,0,0,1
miR-140-3p,0,-1,-2,0,-22,-1,0,-1,-9,-1,-2,-1,-2,0,-1,0,0,-1,-1,-1,0,-12,-3,-1,0,-2,0,-2,-1,-3,0,-1,0,-1,0,-1,0,-2,0,0,0,0,0,2,2,0,0,0,0,0,0,0,1,0,0,0,3,3,0,0,0,0,0,0,0,0,0,0,0,0,6,0,0,0,0,1,0,0,0,0
miR-324-5p,0,0,0,-2,-3,0,0,-2,-5,0,0,-1,-1,0,0,0,-1,-3,0,0,0,-5,-4,0,0,-1,0,0,0,0,0,-3,0,0,0,0,0,0,0,-1,0,2,1,2,16,0,0,0,0,1,3,0,2,0,1,0,6,2,0,0,0,8,0,0,0,0,0,1,0,1,6,3,0,2,0,3,0,2,0,0
miR-665,-1,-1,0,-2,-17,0,0,0,0,0,0,0,-2,0,0,0,-1,-1,0,0,0,0,0,0,-1,0,0,0,0,-1,-2,-1,0,-2,0,0,0,0,0,0,0,0,0,0,2,0,0,4,2,0,0,0,0,0,0,0,0,0,0,0,0,3,2,0,0,1,0,0,0,0,0,1,0,0,0,1,0,0,0,0
miR-6785-5p,0,0,0,0,0,0,0,-1,-1,0,0,0,0,0,0,0,-2,0,0,0,0,0,0,0,0,0,0,0,0,0,0,0,0,0,0,0,0,0,0,0,0,0,0,0,0,0,0,0,0,0,0,0,0,0,0,0,0,0,0,0,0,0,0,0,0,0,0,0,0,0,0,0,0,0,0,0,0,0,0,0
miR-632,0,0,0,0,-6,0,0,0,0,0,-1,0,-1,0,0,0,0,0,0,-1,0,-1,0,0,-1,0,0,0,0,0,-2,-1,0,0,0,0,0,-1,0,0,0,1,1,0,8,0,0,1,2,0,0,1,0,0,0,0,0,1,0,0,0,0,1,0,0,1,0,0,0,0,0,0,0,0,0,0,0,1,0,0
miR-384,0,0,0,0,0,0,0,-5,-1,0,-1,0,-1,0,0,0,-1,0,0,0,0,0,0,0,0,-1,0,0,0,0,0,0,0,0,0,-1,0,-1,0,0,0,0,0,0,1,0,0,0,1,0,0,0,0,0,0,0,0,0,0,0,0,0,0,0,0,0,0,0,0,0,0,0,0,0,0,0,0,0,0,0
miR-134-5p,0,0,-1,-2,-23,-3,0,-1,0,-1,-1,0,-1,0,-2,0,-3,-4,0,0,0,-9,0,0,0,0,0,-1,0,-1,-1,-8,0,-1,0,-1,0,-1,-1,-1,0,1,0,0,3,0,0,3,1,0,2,1,0,0,1,0,2,1,0,1,0,2,10,0,0,0,0,0,0,0,0,0,0,1,0,0,0,0,0,0
miR-3677-5p,0,0,0,0,0,0,0,0,0,0,0,0,0,0,0,0,0,0,0,0,0,0,0,0,0,0,0,0,0,0,0,-1,0,0,0,0,0,0,0,0,0,0,0,0,2,0,0,1,2,0,0,0,1,0,0,0,1,3,0,0,0,2,0,0,0,0,0,0,0,0,1,0,0,0,0,0,0,0,0,0
miR-421,0,0,0,-3,-1,0,0,0,0,0,0,-1,0,0,0,0,0,-1,0,0,0,-1,-3,0,0,-2,0,0,0,0,0,-1,0,0,0,0,0,-1,0,0,0,1,0,0,14,0,0,6,3,0,1,0,2,0,2,0,4,1,0,0,0,8,0,1,1,0,0,1,0,2,4,1,0,1,0,2,0,1,0,0
miR-485-5p,-1,-1,-1,-2,-5,0,0,0,-2,0,0,-1,0,0,-2,0,-1,-1,0,0,0,-4,-1,0,0,0,0,-1,0,-2,0,-2,0,0,0,0,0,0,-1,0,0,0,0,0,1,0,0,2,0,0,2,0,0,0,0,0,3,0,0,0,0,1,0,0,0,1,0,0,0,0,0,1,0,1,0,1,0,1,0,0
miR-942-5p,0,0,0,0,0,0,0,0,0,0,0,0,0,0,0,0,0,-1,0,-2,0,-3,0,0,0,0,0,0,0,0,-1,0,0,0,0,-1,0,-1,0,0,0,0,1,0,5,1,0,0,2,1,1,0,1,0,1,0,3,3,0,1,0,1,0,0,0,0,0,0,0,0,0,0,0,0,0,0,0,0,0,0
miR-603,0,0,0,0,0,0,0,0,-1,0,0,0,0,0,0,0,0,0,0,0,0,0,-1,0,0,0,0,0,0,0,-2,0,0,0,0,-2,0,0,0,0,0,0,0,0,6,0,0,3,4,0,2,0,0,0,0,0,0,1,0,0,0,0,0,1,0,0,0,0,0,1,0,1,0,0,0,0,0,0,0,0
miR-3194-3p,0,-1,0,0,-1,0,0,-1,0,0,0,0,-1,0,-1,0,0,0,0,-1,0,0,0,0,0,0,0,0,0,0,0,0,0,0,0,0,0,0,0,0,0,0,0,0,1,0,0,0,0,0,0,1,0,0,0,0,0,2,0,0,0,0,0,0,0,0,0,0,0,0,0,0,0,0,0,0,0,1,0,0
miR-493-5p,0,0,-1,0,-2,0,0,-1,0,-1,0,-1,0,0,-1,0,-1,-3,0,0,0,0,-1,0,0,0,-2,-1,0,0,-5,0,0,0,0,0,0,0,0,0,0,0,0,0,4,0,0,5,5,0,0,0,1,0,0,0,4,0,0,0,0,2,0,0,1,0,0,0,0,0,1,0,0,1,0,0,0,1,0,0
miR-3650,0,0,0,-1,0,0,0,0,0,0,0,0,0,0,0,0,0,0,0,0,0,0,0,0,0,0,0,0,0,0,0,0,0,0,0,0,0,0,0,0,0,0,0,0,1,0,0,0,0,0,0,0,0,0,0,0,0,0,0,0,0,0,0,0,0,0,0,0,0,0,0,0,0,0,0,0,0,0,0,0
miR-449a,0,0,0,-1,-1,0,0,-1,0,0,0,0,0,0,0,0,0,0,0,0,0,-2,0,0,0,-1,0,0,0,-1,0,0,0,0,0,-1,0,-1,0,0,0,1,2,0,10,0,0,1,0,1,1,0,0,0,0,0,4,0,0,0,0,1,1,1,0,0,0,0,0,1,3,1,0,1,0,0,0,1,1,0
miR-608,0,-1,0,0,0,0,0,0,0,0,0,0,0,0,0,0,0,0,0,0,0,0,-1,0,0,0,0,0,0,0,-2,0,0,0,0,0,0,0,0,0,0,1,0,0,8,0,0,3,3,0,0,0,0,0,0,0,0,0,0,0,0,0,1,0,0,1,0,1,0,0,1,1,0,0,0,0,0,0,0,0
miR-422a,-1,0,0,-1,-12,0,0,-6,-6,0,-1,0,-3,0,0,0,-10,-4,0,0,0,0,0,0,0,0,0,0,0,0,0,-3,0,-2,0,-2,0,0,0,0,0,0,0,0,1,0,0,0,0,0,0,1,0,0,0,0,1,0,0,2,0,3,2,0,0,0,0,0,0,1,0,1,0,0,0,0,0,1,0,1
miR-331-3p,0,0,0,-4,-6,0,0,-2,-3,0,0,-1,-1,0,0,0,0,-1,0,0,0,0,-2,0,0,0,0,0,0,-3,0,-2,0,0,0,0,0,0,-1,-1,2,1,1,1,17,1,0,3,0,1,0,0,3,0,3,0,6,7,0,1,0,10,0,1,0,0,0,1,0,1,6,5,0,0,0,3,0,1,0,0
miR-940,0,0,0,-1,-8,0,0,-1,0,0,-1,0,-1,0,-1,0,-3,-1,0,-1,0,-6,0,0,-1,-1,0,0,0,0,0,-1,0,-2,0,-1,0,0,0,0,0,2,2,0,4,1,0,1,6,1,1,1,2,0,1,0,2,1,0,1,0,3,2,0,0,1,0,1,0,2,1,0,0,0,0,1,0,0,0,0
miR-383-5p,0,-1,-2,-5,-7,0,0,-2,-4,-1,-1,0,-2,0,-1,0,-4,-2,0,0,0,-6,0,0,-1,0,0,-1,0,-5,-2,-5,0,-1,0,0,0,0,0,0,0,0,0,0,9,0,0,0,0,0,1,0,0,0,0,0,0,0,0,0,0,2,0,0,0,2,0,0,0,1,2,0,0,0,0,0,0,0,0,0
miR-330-3p,0,0,-1,-3,-5,0,0,-5,-4,0,0,0,-1,0,-1,0,-1,0,0,-2,0,-2,-2,0,0,0,0,0,0,0,-1,-2,0,0,0,0,0,0,-1,-1,0,1,0,0,2,0,0,1,0,0,0,0,0,0,0,0,2,4,0,1,0,6,1,0,0,0,0,0,0,0,1,0,0,1,0,3,0,1,0,0
miR-15a-5p,0,-1,-1,-2,-1,0,0,-2,-2,0,0,-1,-1,0,0,0,0,-1,0,-1,0,-7,-9,0,0,-2,0,0,0,-2,-1,-2,0,-1,0,0,0,0,0,0,1,0,1,3,28,2,0,2,1,1,2,0,5,0,2,0,4,11,0,1,0,0,0,1,0,0,0,1,0,1,2,2,0,0,0,1,0,3,0,0
miR-3127-5p,0,-1,0,0,0,0,0,-1,-1,0,0,0,-2,0,0,0,0,0,0,0,0,0,0,0,0,0,0,0,0,0,0,0,0,0,0,0,0,-1,0,0,0,0,0,0,2,0,0,1,1,1,1,0,1,0,1,0,1,2,0,0,0,2,0,0,0,0,0,0,0,0,1,0,0,0,0,0,0,0,0,0
miR-320b,0,0,-1,-1,-13,0,0,0,-6,0,0,-1,-1,0,-1,0,0,-1,0,0,0,-1,-1,0,0,-1,0,-1,0,-1,0,-1,0,0,0,0,0,-2,0,0,0,2,0,4,1,0,0,0,1,0,0,0,2,0,1,0,1,1,0,0,0,1,0,0,0,1,0,0,0,0,2,0,0,0,0,1,0,0,0,0
miR-506-3p,0,0,0,0,-1,0,0,-1,0,0,0,0,0,0,0,0,0,-5,0,0,0,0,0,0,0,-1,0,0,0,-1,-2,0,0,0,0,0,0,0,0,0,0,0,0,0,7,0,0,2,0,0,1,0,0,0,0,0,0,0,0,1,0,1,0,0,1,2,0,0,0,1,0,1,0,1,0,0,0,1,0,0
miR-660-5p,0,-1,0,0,0,0,0,-1,-2,-1,0,-1,0,0,-2,0,0,-4,-1,-1,0,-3,-3,0,0,-2,0,0,0,-5,0,0,0,0,0,0,0,-1,0,0,0,0,0,4,17,0,0,1,2,0,0,0,3,0,0,0,4,0,0,0,0,2,0,0,1,0,0,0,0,2,2,4,0,0,0,2,0,0,0,0
miR-30a-5p,-1,0,-4,-1,-12,0,0,-7,-14,0,-3,-1,-3,0,-2,0,-7,-10,0,0,0,-17,-3,0,0,-2,0,-1,0,-1,-8,-5,0,-2,0,-1,0,-4,-1,0,0,1,0,2,4,1,0,1,0,0,1,0,0,0,0,0,0,0,0,1,0,0,0,1,0,0,0,0,0,2,0,0,0,0,0,0,0,0,0,2
miR-499a-5p,0,-1,-1,0,-7,0,0,0,-4,0,-2,-1,0,0,-2,0,-2,-1,0,0,0,-1,-2,0,0,0,0,-1,0,0,-3,-9,0,-1,0,0,0,-3,-1,0,0,1,0,0,2,0,0,4,1,0,0,0,1,0,0,0,1,0,0,0,0,2,0,0,0,0,0,0,0,0,1,0,0,1,0,1,0,0,0,0
miR-584-5p,0,0,0,-4,-13,0,0,0,0,0,0,0,-1,0,0,0,-1,0,0,0,0,-8,0,0,-1,0,0,0,0,0,-1,-3,0,0,0,-1,0,-2,0,0,0,0,1,0,0,0,0,6,7,0,2,0,1,0,0,0,1,3,0,1,0,2,3,1,0,0,0,0,0,0,2,1,0,0,0,0,0,0,0,0
miR-550a-3-5p,0,0,0,0,0,0,0,0,0,0,0,0,0,0,0,0,0,0,0,0,0,0,0,0,0,0,0,0,0,0,-2,0,0,0,0,0,0,0,0,0,0,1,1,1,0,0,0,0,0,0,1,1,1,0,0,0,2,2,0,0,0,1,0,0,0,0,0,0,0,0,1,0,0,0,0,0,0,0,0,1
miR-487a-3p,0,-1,0,0,-3,0,0,0,-1,0,-1,-1,0,0,0,0,-2,0,0,0,0,-1,-1,0,0,-1,0,0,0,0,-2,0,0,0,0,0,0,0,0,0,0,2,0,0,9,0,0,0,2,0,0,0,0,0,0,0,3,0,0,0,0,1,0,0,0,0,0,0,0,0,0,1,0,2,0,0,0,1,0,0
miR-501-3p,0,-1,0,0,-5,0,0,-1,-1,0,0,-1,0,0,0,0,0,-3,0,0,0,-2,-1,0,0,-1,0,0,0,-3,-1,-1,0,0,0,0,0,0,0,0,0,0,1,2,1,0,0,0,3,1,0,0,2,0,1,0,6,0,0,1,0,2,2,0,1,0,0,0,0,0,3,2,0,1,0,2,0,0,0,0
miR-1225-5p,-2,-1,0,-3,-14,0,-1,-1,0,0,-1,0,-1,0,0,0,0,0,0,0,0,-4,0,0,-1,0,0,0,0,-1,0,-2,0,-2,0,-3,0,-1,0,0,0,0,0,1,1,0,0,0,2,0,0,1,0,0,0,0,0,0,1,1,0,0,2,0,0,1,0,0,0,1,0,1,0,0,0,0,0,0,0,0
miR-6086,0,0,0,0,0,0,0,0,0,0,0,0,0,0,0,0,-1,0,0,0,0,0,0,0,0,0,0,0,0,0,0,0,0,0,0,0,0,0,0,0,0,0,0,0,0,0,0,0,0,0,0,1,0,0,0,0,0,0,0,0,0,0,0,0,0,0,0,0,0,0,0,1,0,0,0,0,0,0,0,0
miR-6089,0,0,0,0,0,0,0,0,0,0,0,0,0,0,0,0,0,0,0,0,0,0,0,0,0,0,0,0,0,0,0,0,0,0,0,0,0,-1,0,0,0,0,0,0,0,0,0,0,0,0,0,0,0,0,0,0,1,0,0,0,0,0,0,0,0,0,0,0,0,0,0,1,0,0,0,0,0,0,0,0
miR-98-5p,0,-1,0,-4,-1,0,0,0,-2,0,-1,-1,-1,0,0,0,-3,-2,0,-1,0,-4,-7,0,0,-2,0,0,0,-2,-1,-1,0,-1,0,0,0,0,0,0,1,0,0,0,22,0,0,6,1,0,1,0,3,0,0,0,3,0,0,0,1,3,0,0,1,0,0,1,0,0,4,3,0,1,0,2,0,0,0,0
miR-149-3p,-1,0,0,-2,-15,0,-1,-2,0,0,0,0,-2,0,0,0,-2,-1,-1,0,0,-4,-1,0,0,-1,0,0,0,0,-4,-1,0,-1,0,-1,0,-1,0,0,0,1,1,0,1,0,0,0,5,0,2,1,0,0,0,0,0,0,0,0,0,1,2,0,0,1,0,1,0,0,1,0,0,0,0,0,0,0,0,0
miR-1272,0,-1,0,0,0,0,0,-1,-3,0,0,-1,0,0,0,0,-1,0,0,-2,0,-1,0,0,-1,0,0,-1,0,-1,-1,-1,0,0,0,0,0,0,0,0,0,0,0,0,8,0,0,0,0,0,0,0,0,0,0,0,1,0,0,0,0,0,0,0,0,1,0,0,0,1,0,0,0,0,0,0,0,0,0,0
miR-630,-1,0,0,-2,-9,-1,0,-4,0,0,0,0,-2,0,-1,0,0,-2,0,0,0,-3,0,0,0,0,0,0,0,-1,-1,-1,0,-1,0,0,0,-3,0,0,0,0,0,0,0,0,0,0,4,0,2,1,0,0,0,0,0,0,1,1,0,0,1,0,0,2,0,0,1,0,2,3,0,0,0,0,0,0,0,0
miR-532-3p,0,0,-1,0,-11,0,0,-1,-3,0,0,-1,-1,0,0,0,0,-4,0,0,0,-1,-2,0,0,0,0,-1,0,-5,-1,0,0,0,0,0,0,-1,0,0,0,1,1,3,4,0,0,0,0,0,1,0,3,0,1,0,5,0,0,1,0,0,1,0,0,1,0,0,0,2,2,2,0,0,0,2,0,0,0,0
miR-4429,0,0,0,0,0,0,0,0,-2,0,0,0,0,0,0,0,0,0,0,0,0,0,0,0,0,0,0,0,0,0,0,0,0,0,0,0,0,0,0,0,0,0,0,2,1,0,0,0,0,0,0,1,1,0,0,0,0,0,0,0,0,1,0,0,0,0,0,0,0,0,1,0,0,0,0,0,0,0,0,0
miR-572,0,0,0,-3,-16,-2,-1,-3,-2,0,-1,0,-1,0,-1,0,-1,-1,0,-1,0,-6,0,-1,0,0,0,0,0,0,-3,-2,0,-1,0,-2,0,0,0,0,0,1,0,0,2,0,0,0,1,0,0,1,0,0,0,0,0,0,0,1,0,0,3,0,0,1,0,0,0,1,0,1,0,0,0,0,0,0,0,0
miR-455-3p,0,-2,0,-1,-5,0,0,-1,-4,0,0,-1,0,0,0,0,-5,-1,-1,0,-1,-2,-2,-1,0,-1,-2,0,0,-1,-6,-3,0,0,0,-1,0,-3,0,0,0,0,1,2,9,0,0,0,2,0,2,0,3,0,2,0,0,1,0,0,0,2,1,0,1,0,0,2,0,1,0,0,0,1,0,0,0,0,0,0
miR-148b-3p,0,-1,0,-4,-1,0,0,-4,-1,0,0,-1,0,0,0,0,-1,0,0,-3,0,-2,-4,0,0,-1,0,0,0,-1,-2,-1,0,0,0,0,0,-1,-1,0,1,0,1,1,13,0,0,0,2,1,0,0,1,0,0,0,7,4,0,0,0,8,0,0,0,0,0,1,1,0,0,3,0,3,0,2,0,0,0,0
miR-188-5p,0,0,0,-3,-16,-2,0,0,0,0,-1,0,-1,0,0,0,-2,-3,0,0,0,-6,0,-1,0,0,0,0,0,-3,0,-1,0,-1,0,-2,0,0,0,0,0,2,1,1,7,0,0,5,5,0,0,1,1,0,1,0,4,3,0,0,0,2,8,0,0,1,0,0,0,0,4,5,0,0,0,0,0,1,0,0
miR-6838-5p,0,0,-1,0,0,0,0,0,0,0,0,0,0,0,0,0,0,0,0,0,0,0,0,0,0,0,0,0,0,0,0,0,0,0,0,0,0,0,0,0,0,0,0,0,0,0,0,0,0,0,0,0,0,0,0,0,1,0,0,0,0,0,0,0,0,0,0,0,0,0,0,0,0,0,0,0,0,0,0,0
miR-193b-5p,-1,-2,0,-1,-21,0,0,-1,-5,0,-1,0,-2,0,0,0,-5,0,0,0,0,0,0,0,-1,0,0,0,0,0,-3,-2,0,-1,0,0,0,-3,0,0,0,0,0,0,1,0,0,0,4,0,0,1,0,0,1,0,0,1,0,0,0,4,3,0,0,1,0,0,0,0,0,0,0,0,0,1,0,0,0,0
miR-199b-5p,-1,-1,-3,-2,-15,-1,0,-1,-5,-1,-1,-1,0,0,-2,0,-4,-7,-1,-2,0,-7,-1,0,0,-3,-1,-2,0,-1,-4,-4,0,0,0,-1,0,-7,0,-1,0,3,0,2,2,0,0,1,1,0,1,0,2,0,0,0,0,0,0,3,2,2,9,0,0,0,0,0,0,1,3,2,0,0,0,1,0,0,1,0
miR-301b-3p,0,0,0,0,-2,0,0,-2,0,0,-1,-1,0,0,0,0,0,0,0,0,0,0,-1,0,0,0,0,0,0,0,0,0,0,0,0,0,0,0,0,0,0,0,2,1,18,0,0,1,5,1,1,0,3,0,1,0,4,2,0,1,0,9,1,0,0,1,0,0,0,1,1,0,0,1,0,2,0,1,0,0
miR-4709-3p,0,0,0,0,-2,0,0,0,0,0,0,0,-1,0,-1,0,0,0,0,0,0,-1,0,0,0,0,0,0,0,0,0,0,0,0,0,0,0,0,0,0,0,0,0,1,0,0,0,1,1,0,0,1,0,0,0,0,0,2,0,0,0,1,0,0,0,0,0,0,0,0,1,0,0,0,0,0,0,1,0,0
miR-215-5p,0,-1,0,-2,-1,0,0,-11,-5,0,0,-1,0,0,-1,0,-4,-10,0,-2,0,-3,-7,0,0,-1,0,0,0,-1,-2,-1,0,0,0,-4,0,-1,0,-1,0,0,0,0,12,1,0,1,2,1,6,0,4,0,0,0,0,1,0,0,0,3,0,0,0,1,1,1,0,0,5,1,0,0,0,0,0,0,0,0
miR-7641,0,0,0,0,-2,0,0,0,-1,0,0,0,0,0,0,0,0,0,0,0,0,-1,0,0,0,0,0,0,0,0,0,0,0,0,0,0,0,-2,0,0,0,0,1,0,0,0,0,0,0,0,0,0,0,0,0,0,0,1,0,0,0,1,0,0,0,0,0,0,0,0,1,0,0,0,0,0,0,0,0,0
miR-582-5p,0,-1,-1,0,0,0,0,-2,-5,-1,-1,-1,-2,0,0,0,-2,-1,-1,-1,0,-3,-2,0,0,0,0,0,0,0,0,0,0,0,0,0,0,0,0,0,0,0,0,0,8,0,0,1,1,0,0,0,0,0,0,0,0,1,0,1,0,0,0,0,0,0,0,0,0,1,5,1,0,0,0,1,0,0,0,0
miR-4465,0,0,0,0,0,0,0,0,0,0,0,0,0,0,0,0,0,0,0,0,0,-1,0,0,0,0,0,0,0,0,0,-1,0,0,0,0,0,0,0,0,0,0,0,0,0,0,0,1,1,0,1,1,0,0,0,0,1,0,0,0,0,0,0,0,0,0,0,0,0,0,0,0,0,0,0,0,0,1,0,0
miR-4284,0,-2,0,-1,-2,0,0,0,0,0,0,-1,0,0,0,0,0,-2,0,0,0,-1,0,0,0,0,0,0,0,0,-2,0,0,0,0,-1,0,-1,0,0,0,0,0,0,0,1,1,1,1,0,0,0,1,0,0,0,0,0,0,1,0,1,1,0,0,0,0,0,0,0,0,0,0,1,0,0,0,0,0,0
miR-378a-5p,0,-2,-2,0,-20,0,0,-6,-13,-1,-2,-1,-2,0,-1,0,-8,-2,0,0,0,-2,-1,0,0,0,0,-1,0,0,-1,-4,0,-1,0,-2,0,0,0,0,0,0,0,0,0,0,0,1,0,0,0,0,0,0,0,0,1,0,0,0,0,1,1,0,0,0,0,0,0,1,3,0,0,0,0,0,0,0,0,0
miR-4435,0,0,0,0,0,0,0,0,0,0,0,0,0,0,0,0,-1,0,0,-1,0,0,0,0,0,0,0,0,0,0,0,0,0,0,0,0,0,0,0,0,0,0,0,0,2,0,0,0,0,0,1,0,0,0,0,0,1,0,0,0,0,2,0,0,0,0,0,0,0,0,1,0,0,0,0,0,0,0,0,0
miR-199a-5p,-1,-1,-2,-2,-7,0,0,0,-4,-1,-1,-1,0,0,0,0,-14,-9,0,-3,0,-6,-2,-2,0,-1,-1,0,-1,-1,-4,-3,0,0,0,0,0,-3,0,0,0,0,0,3,9,1,0,0,0,0,3,0,3,0,0,0,0,0,0,1,0,5,8,0,0,0,0,0,0,2,4,1,0,1,0,0,0,0,1,0
miR-125a-5p,0,-1,-1,-1,-10,-1,0,-7,-9,-1,-4,-1,-3,0,0,0,-9,-4,0,-4,0,-13,-2,-2,0,-1,0,-1,0,-1,-1,-8,0,0,0,0,0,0,0,0,1,2,0,1,11,1,1,0,1,0,1,0,2,0,0,0,0,0,0,0,1,1,1,0,1,0,0,0,0,0,6,1,0,1,0,2,0,1,1,2
miR-875-5p,0,0,0,0,0,0,0,0,0,0,0,0,0,0,0,0,-1,0,0,0,0,-1,0,0,0,0,0,0,0,0,-1,-1,0,0,0,-1,0,0,0,0,0,1,0,0,5,0,0,0,3,0,0,0,0,0,0,0,0,2,0,0,0,0,0,0,0,1,0,0,0,0,1,0,0,0,0,0,0,0,0,0
miR-616-3p,0,-1,-1,0,-1,0,0,0,-1,0,0,0,-1,0,0,0,-1,0,0,0,0,0,0,0,-1,-1,0,0,0,0,-1,0,0,0,0,0,0,0,0,0,0,0,0,0,8,0,0,1,1,1,0,0,0,0,1,0,1,3,0,0,0,2,0,0,0,0,0,0,0,0,2,2,0,0,0,0,0,0,0,0
miR-137,0,-1,0,-6,0,0,0,-5,-5,0,-1,-1,-2,0,0,0,0,0,0,0,0,0,-6,0,0,-1,0,0,0,0,-1,0,0,0,0,0,0,0,0,-1,0,1,0,0,8,0,0,2,0,0,0,0,0,0,0,0,2,0,0,0,0,5,0,0,0,0,1,0,0,1,0,0,0,1,0,2,0,1,0,0
miR-4521,0,-1,-1,0,-1,0,0,0,0,0,-1,0,-1,0,0,0,0,-1,0,0,0,-3,0,0,0,0,0,0,0,0,0,0,0,0,0,0,0,0,0,0,0,0,0,0,0,0,0,1,0,0,0,0,0,0,0,0,0,0,0,0,0,0,0,0,0,0,0,0,0,0,1,0,0,0,0,0,0,0,0,0
miR-653-5p,0,0,0,0,-1,0,0,-4,-1,0,0,0,0,0,-2,0,0,-1,0,0,0,-2,0,0,0,0,0,0,0,-2,0,-1,0,0,0,0,0,0,0,0,0,0,0,0,7,0,0,1,2,1,0,0,0,0,0,0,0,2,0,0,0,1,0,0,0,0,0,0,0,0,0,1,0,0,0,2,0,1,0,0
miR-6165,0,0,0,0,0,0,0,0,0,0,0,0,0,0,0,0,0,0,0,0,0,0,0,0,0,0,0,0,0,0,0,0,0,0,0,0,0,-1,0,0,0,0,0,0,0,0,0,0,0,0,0,0,0,0,0,0,0,0,0,0,0,0,0,0,0,0,0,0,0,0,0,0,0,0,0,0,0,0,0,0
miR-92b-3p,0,0,0,0,-12,0,0,-1,-2,0,-1,0,0,0,0,0,0,0,0,0,0,0,0,0,0,-1,0,0,0,0,0,-3,0,-1,0,0,0,0,0,0,1,2,0,3,2,2,0,1,2,1,0,0,2,0,2,0,1,6,0,2,0,3,1,0,1,0,0,1,0,1,4,0,0,1,0,2,0,1,0,0
miR-21-3p,0,0,0,0,-1,0,0,-1,0,0,0,0,0,0,0,0,-1,-1,-1,0,0,0,0,0,0,0,-1,0,0,0,-1,-1,0,0,0,-1,0,-1,0,0,1,1,1,3,26,1,0,2,5,1,4,0,3,0,2,0,2,3,1,1,0,10,1,0,1,3,0,1,0,3,4,2,0,1,0,0,0,2,0,0
miR-150-3p,0,-1,-1,-3,-15,0,-1,-1,-2,0,0,0,0,0,-1,0,-2,0,0,0,0,-7,0,0,0,0,0,0,0,0,0,-3,0,-1,0,-1,0,-1,0,0,0,1,0,0,1,0,0,0,0,0,0,1,0,0,0,0,0,1,0,1,0,0,2,0,0,0,0,0,0,0,0,1,0,0,0,0,0,0,0,0
miR-192-5p,0,-2,0,0,-1,0,0,-3,-3,0,-2,-1,0,0,0,-1,0,-9,-1,-4,-1,0,-3,-1,0,0,0,0,0,-2,-3,0,0,0,0,-3,0,-1,0,-1,0,0,1,1,17,1,0,1,4,1,6,0,2,0,0,0,0,0,0,0,0,5,5,0,0,0,0,1,0,0,5,3,0,0,0,0,0,0,1,0
miR-1827,-1,0,-1,0,-1,0,0,0,-2,0,0,-1,0,0,0,0,-1,0,0,0,0,0,0,0,0,-1,0,0,0,-2,-1,0,0,0,0,-1,0,0,0,0,0,0,0,0,8,0,0,0,1,0,0,0,0,0,0,0,0,0,0,0,0,0,0,0,0,1,0,0,0,0,0,0,0,0,0,0,0,0,0,0
miR-509-3p,0,0,0,0,-2,0,0,-1,0,0,-1,0,0,0,0,0,0,-5,0,0,0,0,0,0,0,-1,0,-2,-1,-2,0,-1,0,0,0,-1,0,0,0,0,0,0,0,0,7,0,0,3,5,0,1,0,1,0,0,0,1,0,0,0,0,1,0,0,1,1,0,0,0,0,1,0,0,1,0,0,0,2,1,0
miR-1254,0,0,0,0,-3,0,0,-1,-2,0,0,0,0,0,0,0,-2,0,0,0,0,-2,0,0,-1,0,0,0,0,0,0,0,0,0,0,0,0,0,0,0,0,1,2,0,4,0,0,0,4,1,0,1,0,0,1,0,1,3,0,1,0,4,0,0,0,2,0,0,0,0,0,0,0,0,0,1,0,1,0,0
miR-16-5p,0,-1,0,-2,-1,0,0,0,0,0,0,-1,0,0,0,0,0,0,0,0,0,-1,-7,0,0,-2,0,0,0,-1,-1,-1,0,-2,0,0,0,-1,0,0,2,1,1,2,29,4,1,2,5,1,3,0,1,0,2,0,1,3,0,0,0,3,0,0,0,0,0,2,0,1,5,2,0,1,0,0,0,0,0,0
miR-105-3p,0,-2,0,0,0,0,0,-1,-1,0,0,0,0,0,0,0,-1,0,0,0,0,0,0,0,0,0,0,0,0,0,-2,-2,0,0,0,-1,0,0,0,0,0,0,1,0,7,0,0,0,0,0,0,0,0,0,0,0,1,0,0,0,0,2,0,0,0,1,0,0,0,0,0,0,0,0,0,0,0,0,0,0
miR-483-3p,0,-1,0,0,-22,0,0,-1,0,-1,-1,0,0,0,0,0,-3,-2,0,0,0,-6,0,0,0,-2,0,0,0,0,0,-3,0,0,0,0,0,-1,-1,0,0,0,1,1,0,0,0,1,0,0,1,0,1,0,1,0,1,0,0,1,0,1,0,0,0,0,0,0,0,2,3,1,0,1,0,1,0,0,0,0
miR-543,0,-1,-1,0,-15,0,0,0,-1,0,-1,-1,0,0,-1,0,0,0,0,-1,0,0,0,0,0,-1,0,-1,0,0,-3,-1,0,0,0,0,0,0,0,0,0,1,0,0,1,0,0,1,0,0,0,0,0,0,0,0,3,0,0,0,0,3,0,0,0,1,0,0,0,0,1,0,0,1,0,0,0,1,0,0
miR-520b,0,0,0,-1,-17,0,0,0,0,0,0,0,-1,0,0,0,-2,0,0,0,0,-1,-1,0,0,0,0,0,0,0,-1,-2,0,-1,0,-1,0,0,0,0,0,1,1,0,1,0,0,0,1,0,1,1,0,0,1,0,3,0,0,0,0,3,1,0,0,0,0,1,0,0,2,1,0,0,0,0,0,0,0,0
miR-636,0,0,0,0,-15,0,0,-2,0,0,-2,0,0,0,0,0,-1,0,0,0,-2,-3,0,-1,0,0,0,0,0,0,-1,0,0,0,0,0,0,-1,0,0,0,1,1,1,1,0,0,0,0,0,1,0,2,0,1,0,1,0,0,0,0,0,1,0,0,0,0,1,0,0,0,0,0,1,0,0,0,0,0,0
miR-3195,0,-1,0,0,-7,0,-1,0,-3,0,0,0,-1,0,0,0,0,0,0,-1,0,-3,0,0,0,0,0,0,0,0,0,-1,0,0,0,0,0,0,0,0,0,0,0,0,0,0,0,0,0,0,0,1,0,0,0,0,0,0,0,0,0,0,1,0,0,0,0,0,0,2,1,0,0,0,0,0,0,0,0,0
miR-4472,0,0,0,0,-1,0,0,0,0,0,0,0,-1,0,0,0,0,0,0,0,0,0,0,0,0,0,0,0,0,0,0,0,0,0,0,0,0,0,0,0,0,0,0,0,0,0,0,1,0,0,0,0,0,0,0,0,0,0,0,0,0,0,0,0,0,0,0,0,0,0,0,0,0,0,0,0,0,0,0,0
miR-3687,-1,0,0,0,0,0,0,0,0,0,0,0,0,0,0,0,0,0,0,0,0,0,0,0,0,0,0,0,0,0,0,0,0,0,0,0,0,-1,0,0,0,0,1,1,1,0,0,0,2,0,0,0,0,0,0,0,0,0,0,0,0,0,0,0,0,0,0,0,0,0,1,0,0,0,0,0,0,0,0,0
miR-1276,0,-1,0,0,-1,0,0,-1,0,0,0,0,-1,0,0,0,-1,0,0,0,0,0,0,0,-1,0,0,0,0,0,0,0,0,0,0,-1,0,0,0,0,0,1,1,0,8,0,0,0,1,0,0,1,1,0,0,0,1,0,0,0,0,0,0,0,0,1,0,0,0,1,1,0,0,0,0,0,0,0,0,0
miR-574-5p,0,0,0,-2,-5,0,0,0,0,-1,0,0,-1,0,0,0,-1,0,0,0,0,-1,0,0,0,0,-1,0,0,0,0,-1,0,0,0,-2,0,0,0,0,0,0,0,2,9,0,0,0,5,0,0,0,0,0,0,0,1,0,0,1,1,1,2,0,0,2,0,0,0,1,2,0,0,1,0,0,0,0,0,0
miR-496,0,0,-1,0,-2,0,0,0,-2,0,0,-1,0,0,-1,0,0,-1,0,0,0,0,0,0,0,-1,0,0,0,0,0,-1,0,0,0,-1,0,-1,-1,0,0,1,0,1,7,0,0,1,1,0,0,0,0,0,0,0,1,0,0,0,0,2,0,0,1,0,0,0,0,0,1,0,0,0,0,0,0,0,0,0
miR-451b,0,0,0,0,-2,0,0,0,0,0,0,0,0,0,0,0,0,0,0,0,0,0,0,0,0,0,0,0,0,0,-1,0,0,0,0,0,0,0,0,0,0,0,0,0,0,0,0,0,0,0,0,0,0,0,0,0,0,0,0,0,0,0,0,0,0,0,0,0,0,0,0,0,0,0,0,0,0,0,0,0
miR-671-5p,-1,0,0,-2,-14,0,-1,0,-1,0,0,0,-1,0,0,0,-1,0,0,0,0,-3,0,-1,-1,0,0,0,0,-1,-2,-3,0,-1,0,-1,0,-1,0,0,0,0,2,0,4,0,0,2,5,1,0,1,1,0,1,0,3,3,0,0,0,5,2,0,1,1,0,1,0,1,2,3,0,0,0,0,0,2,0,0
miR-1273a,0,-1,0,0,-2,0,0,-1,-1,0,0,0,-1,0,0,0,0,0,0,0,0,-1,0,0,-1,0,0,0,0,0,-2,0,0,0,0,0,0,0,0,0,0,0,1,0,1,0,0,0,3,0,0,0,0,0,0,0,0,0,0,0,0,0,0,1,0,1,0,0,0,0,0,1,0,0,0,0,0,0,0,0
miR-33a-5p,-1,0,0,-2,0,-1,0,-1,-3,0,-4,-1,-1,0,0,0,-2,-2,0,0,0,-7,-3,0,-1,0,0,0,0,-1,-1,-2,0,-1,0,0,0,0,0,-1,1,0,1,2,18,0,0,5,4,0,0,0,0,0,2,0,3,0,0,1,0,3,7,0,0,0,0,1,0,0,2,0,0,2,0,1,0,0,0,0
miR-181a-5p,0,0,0,-3,-4,0,0,-2,-4,0,0,-1,-1,0,0,0,-3,-1,0,-1,0,-7,-4,-1,0,0,-1,0,0,-1,-1,-3,-1,0,0,-1,0,-1,0,0,1,1,2,0,19,1,1,2,2,0,5,0,3,0,4,0,3,6,1,2,1,0,7,0,1,0,0,1,0,1,5,5,0,2,0,0,0,3,0,0
miR-181b-5p,0,0,0,-4,-1,0,0,-2,-2,0,0,-1,-1,0,0,0,0,-1,0,0,0,-4,-2,0,0,0,0,0,0,0,0,-6,0,0,0,-1,0,-1,-1,0,0,2,1,0,18,0,1,0,5,0,5,0,4,0,4,0,4,6,0,2,1,0,5,0,1,0,0,1,0,1,6,0,0,4,0,1,0,2,0,0
miR-1297,0,0,0,-1,0,0,0,0,-2,0,0,0,0,0,0,0,-1,0,0,0,0,-2,0,0,0,-1,0,0,0,0,-2,0,0,-1,0,0,0,0,0,0,0,0,0,0,7,0,0,0,1,0,0,1,0,0,0,0,0,0,0,0,0,0,0,0,0,1,0,0,0,0,0,0,0,0,0,0,0,0,0,0
miR-152-3p,0,-2,-3,-1,-11,-1,0,-1,-5,-2,-1,-1,-1,0,-1,0,-4,-2,0,0,0,-3,-3,0,0,-2,0,-1,0,-2,-1,-7,0,0,0,0,0,-4,0,0,0,0,0,3,0,1,0,1,1,0,1,0,2,0,1,0,0,0,0,0,0,4,1,0,0,0,0,0,0,1,3,0,0,0,0,0,0,0,0,0
miR-409-3p,0,0,0,-3,-15,0,0,-3,-2,-1,-1,-1,-1,0,0,0,0,-3,0,-2,0,0,0,0,0,0,0,-1,0,0,-4,-2,0,0,0,0,0,0,-1,0,0,1,0,1,0,0,0,0,0,0,2,0,0,0,0,0,3,1,0,0,0,5,0,0,1,1,0,0,0,0,2,0,0,1,0,0,0,1,0,0
miR-409-5p,0,0,0,0,-14,0,0,-1,-2,-1,0,-1,0,0,0,0,0,-3,0,0,0,-1,-1,0,0,0,0,0,0,-1,-1,0,0,0,0,0,0,-1,-1,0,0,1,1,1,1,0,0,1,1,0,1,0,1,0,0,0,3,0,0,0,0,3,1,0,1,0,0,0,0,0,1,1,0,1,0,0,0,1,0,0
miR-581,0,0,0,0,-1,0,0,-1,0,0,0,0,0,0,-1,0,-1,0,0,0,0,0,0,0,0,0,0,0,0,-1,0,0,0,0,0,-1,0,0,0,0,0,0,0,0,8,0,0,1,2,0,1,0,0,0,0,0,1,2,0,0,0,1,0,0,0,0,0,0,0,0,0,1,0,0,0,0,0,1,0,0
miR-629-3p,0,-1,0,0,-2,0,0,-4,-2,0,0,0,0,0,0,0,0,0,0,0,0,0,0,0,0,-1,0,0,0,0,-1,-1,0,0,0,-2,0,-1,0,0,0,0,1,1,11,1,0,0,1,1,0,1,3,0,1,0,2,3,0,1,0,8,2,0,1,0,0,0,0,1,3,3,0,0,0,0,0,1,0,0
miR-19b-1-5p,0,-2,0,0,-7,0,0,-1,-1,0,0,-1,0,0,0,0,0,0,0,0,0,0,-2,0,0,0,0,0,0,0,0,0,0,0,0,-1,0,-1,0,0,0,0,1,1,5,0,0,1,2,0,0,0,2,0,1,0,0,3,0,0,0,6,1,0,0,0,0,0,0,0,1,4,0,1,0,0,0,0,0,0
miR-4500,0,0,0,0,0,0,0,0,-1,0,0,0,0,0,0,0,0,0,0,0,0,-1,0,0,0,0,0,0,0,0,-1,0,0,0,0,0,0,0,0,0,0,0,0,0,0,0,0,1,0,0,0,0,1,0,0,0,0,0,0,0,0,0,0,0,0,0,0,0,0,0,0,0,0,0,0,0,0,0,0,0
miR-429,0,0,0,0,-1,0,0,0,-2,0,-1,0,0,0,0,0,-6,-9,0,0,0,-1,0,-1,0,-1,0,0,0,-2,-1,0,0,0,0,0,0,0,0,0,1,2,3,0,24,2,0,7,5,2,1,0,3,0,0,0,0,0,0,0,2,15,0,0,0,0,0,0,0,5,5,1,0,1,0,2,0,2,1,0
miR-106b-5p,0,-1,0,0,-1,0,0,-1,-2,0,-1,-1,0,0,0,0,-1,0,0,-1,0,-1,-3,0,0,-1,0,0,0,0,0,0,0,-1,0,0,0,-1,0,-1,2,1,3,7,26,4,1,8,13,1,3,0,5,0,2,0,12,10,0,6,0,14,6,2,0,0,0,1,0,3,8,12,0,2,0,0,0,0,0,0
miR-17-5p,-1,-1,0,-1,0,0,0,-2,0,0,0,-1,0,0,0,0,0,0,0,-1,0,-2,-2,0,0,-1,0,0,0,-1,0,0,0,-1,0,-2,0,-2,-1,0,1,0,2,4,21,1,1,8,14,1,3,0,4,0,1,0,8,8,0,4,0,12,9,1,0,1,0,1,0,2,6,9,0,1,0,0,0,0,0,0
miR-638,-1,0,0,-4,-15,-2,-1,0,-1,0,0,0,-1,0,-2,0,0,-1,-1,-1,0,-6,-1,0,0,0,0,0,0,-1,-2,-2,0,-2,0,-1,0,0,0,0,0,0,0,0,2,0,0,2,0,0,0,1,0,0,0,0,1,0,0,2,0,0,2,0,0,2,0,0,0,2,0,1,0,0,0,0,0,0,0,0
miR-19b-3p,0,-1,0,-1,-2,0,0,-1,-1,0,-1,-1,0,0,0,0,0,-1,0,0,0,-1,-2,0,0,-1,0,0,0,0,-2,-1,0,-1,0,-2,0,-3,-1,0,0,0,2,4,13,3,0,6,10,1,2,0,3,0,1,0,2,4,0,0,0,10,11,1,0,1,0,1,0,0,1,3,0,1,0,0,0,0,0,0
miR-326,-1,0,-1,-2,-12,0,0,-5,-2,0,-3,0,-2,0,-1,0,-4,-1,0,-1,0,-9,-2,0,0,0,0,0,0,-2,0,-3,0,0,0,0,0,-1,0,-1,0,2,0,0,2,0,0,0,0,0,1,0,0,0,0,0,0,0,0,0,0,0,0,1,0,1,0,0,0,0,5,0,0,0,0,3,0,2,1,0
miR-615-3p,0,0,0,0,-4,0,0,0,0,0,0,0,0,0,0,0,-2,-2,0,0,0,-4,0,0,0,0,0,0,0,-3,0,0,0,0,0,0,0,-1,0,0,0,2,1,1,10,0,0,3,2,0,3,0,1,0,1,0,1,0,0,0,0,3,0,0,0,2,0,0,0,0,7,3,0,1,0,4,0,0,0,0
miR-129-5p,-2,0,-1,-8,-6,-1,0,-2,-2,-1,-1,0,-2,0,0,0,-2,-2,0,0,0,-2,0,0,-1,0,0,0,0,0,-2,-2,0,0,0,0,0,0,0,0,0,1,0,0,1,0,0,3,0,0,0,1,0,0,0,0,1,1,0,0,0,4,3,0,0,2,0,0,0,0,1,2,0,1,0,3,0,1,1,0
miR-362-3p,0,-1,-1,-1,0,0,0,-1,-2,-1,0,-1,0,0,-1,0,0,-3,-1,0,0,-2,-2,0,0,-1,0,0,0,-4,-3,-1,0,0,0,0,0,0,0,0,0,0,1,3,17,0,0,1,2,0,0,0,2,0,0,0,3,0,0,2,0,1,1,0,1,0,0,1,0,1,0,1,0,1,0,2,0,0,0,0
miR-338-3p,0,-1,-3,-7,-5,0,0,-5,-4,-1,-3,-1,-1,0,-2,0,-3,-2,-1,-2,0,-14,-7,0,0,0,0,-1,0,-2,-3,-7,0,-2,0,-1,0,0,0,-1,0,1,0,0,11,1,0,3,0,0,3,0,2,0,0,0,1,3,0,1,0,0,0,1,0,0,0,0,0,0,0,0,0,0,0,0,0,1,0,0
